,Mob dist,Thresh,Anomaly
2004-02-12T10:32:39,4.52951078308517,3.6543521712701446,True
2004-02-12T10:42:39,3.18133343818981,3.6543521712701446,False
2004-02-12T10:52:39,2.3770927392277663,3.6543521712701446,False
2004-02-12T11:02:39,2.8845059274271927,3.6543521712701446,False
2004-02-12T11:12:39,1.7711497359099415,3.6543521712701446,False
2004-02-12T11:22:39,2.742969380726982,3.6543521712701446,False
2004-02-12T11:32:39,1.3250587985836961,3.6543521712701446,False
2004-02-12T11:42:39,1.147739786356197,3.6543521712701446,False
2004-02-12T11:52:39,1.5184161383149035,3.6543521712701446,False
2004-02-12T12:02:39,2.342184137766088,3.6543521712701446,False
2004-02-12T12:12:39,0.5063122657077888,3.6543521712701446,False
2004-02-12T12:22:39,1.2216914425455514,3.6543521712701446,False
2004-02-12T12:32:39,1.1710078537824777,3.6543521712701446,False
2004-02-12T12:42:39,1.1891178293957454,3.6543521712701446,False
2004-02-12T12:52:39,0.8673560144645279,3.6543521712701446,False
2004-02-12T13:02:39,0.6829643161566028,3.6543521712701446,False
2004-02-12T13:12:39,1.2947106864802638,3.6543521712701446,False
2004-02-12T13:22:39,1.4062999739984312,3.6543521712701446,False
2004-02-12T13:32:39,0.2971988256942868,3.6543521712701446,False
2004-02-12T13:42:39,0.6473320825900566,3.6543521712701446,False
2004-02-12T13:52:39,0.7073174294271126,3.6543521712701446,False
2004-02-12T14:02:39,0.42173283206588347,3.6543521712701446,False
2004-02-12T14:12:39,0.6241956958598676,3.6543521712701446,False
2004-02-12T14:22:39,1.8978345111840216,3.6543521712701446,False
2004-02-12T14:32:39,1.4276224647226894,3.6543521712701446,False
2004-02-12T14:42:39,0.8420747973920466,3.6543521712701446,False
2004-02-12T14:52:39,0.8283838601370169,3.6543521712701446,False
2004-02-12T15:02:39,0.4885610785940788,3.6543521712701446,False
2004-02-12T15:12:39,0.5690100367726091,3.6543521712701446,False
2004-02-12T15:22:39,1.060765155234421,3.6543521712701446,False
2004-02-12T15:32:39,1.0821123942377133,3.6543521712701446,False
2004-02-12T15:42:39,1.919252039122388,3.6543521712701446,False
2004-02-12T15:52:39,0.8461655028923821,3.6543521712701446,False
2004-02-12T16:02:39,1.0816295156668365,3.6543521712701446,False
2004-02-12T16:12:39,0.7802048175212971,3.6543521712701446,False
2004-02-12T16:22:39,1.1760906424275588,3.6543521712701446,False
2004-02-12T16:32:39,0.5596095963225375,3.6543521712701446,False
2004-02-12T16:42:39,1.641989538429171,3.6543521712701446,False
2004-02-12T16:52:39,0.6961255966348189,3.6543521712701446,False
2004-02-12T17:02:39,1.4404921776160577,3.6543521712701446,False
2004-02-12T17:12:39,1.1322224324867278,3.6543521712701446,False
2004-02-12T17:22:39,0.4776219285812876,3.6543521712701446,False
2004-02-12T17:32:39,1.324454729975186,3.6543521712701446,False
2004-02-12T17:42:39,1.2890661536475718,3.6543521712701446,False
2004-02-12T17:52:39,0.2684259669961364,3.6543521712701446,False
2004-02-12T18:02:39,0.6169692175992053,3.6543521712701446,False
2004-02-12T18:12:39,0.8949623337296629,3.6543521712701446,False
2004-02-12T18:22:39,1.2626899521003172,3.6543521712701446,False
2004-02-12T18:32:39,1.034608305315535,3.6543521712701446,False
2004-02-12T18:42:39,1.2583929219072545,3.6543521712701446,False
2004-02-12T18:52:39,0.9364206852618595,3.6543521712701446,False
2004-02-12T19:02:39,1.1965526350236908,3.6543521712701446,False
2004-02-12T19:12:39,1.143381244530768,3.6543521712701446,False
2004-02-12T19:22:39,1.3017317702697913,3.6543521712701446,False
2004-02-12T19:32:39,1.0648387807044262,3.6543521712701446,False
2004-02-12T19:42:39,0.9045277264297853,3.6543521712701446,False
2004-02-12T19:52:39,0.9240770444244809,3.6543521712701446,False
2004-02-12T20:02:39,2.052755572005125,3.6543521712701446,False
2004-02-12T20:12:39,2.5551209464913636,3.6543521712701446,False
2004-02-12T20:22:39,1.3446647277842387,3.6543521712701446,False
2004-02-12T20:32:39,0.7371883540416199,3.6543521712701446,False
2004-02-12T20:42:39,1.2321441282769399,3.6543521712701446,False
2004-02-12T20:52:39,1.6674042075338802,3.6543521712701446,False
2004-02-12T21:02:39,1.18579492513702,3.6543521712701446,False
2004-02-12T21:12:39,0.5946131567283273,3.6543521712701446,False
2004-02-12T21:22:39,1.0093874353543733,3.6543521712701446,False
2004-02-12T21:32:39,0.6884874078521903,3.6543521712701446,False
2004-02-12T21:42:39,1.1089319618965445,3.6543521712701446,False
2004-02-12T21:52:39,1.7374873766001944,3.6543521712701446,False
2004-02-12T22:02:39,0.3310728278166922,3.6543521712701446,False
2004-02-12T22:12:39,1.2564928008151317,3.6543521712701446,False
2004-02-12T22:22:39,0.15372611341591222,3.6543521712701446,False
2004-02-12T22:32:39,0.88692725470587,3.6543521712701446,False
2004-02-12T22:42:39,1.3991980434536133,3.6543521712701446,False
2004-02-12T22:52:39,1.302652240354766,3.6543521712701446,False
2004-02-12T23:02:39,0.9497312255517019,3.6543521712701446,False
2004-02-12T23:12:39,0.6183370849016077,3.6543521712701446,False
2004-02-12T23:22:39,1.120901803111011,3.6543521712701446,False
2004-02-12T23:32:39,2.1538768510663355,3.6543521712701446,False
2004-02-12T23:42:39,0.7790691683630485,3.6543521712701446,False
2004-02-12T23:52:39,1.5754773433887255,3.6543521712701446,False
2004-02-13T00:02:39,0.8231026306981432,3.6543521712701446,False
2004-02-13T00:12:39,0.7865486941604123,3.6543521712701446,False
2004-02-13T00:22:39,1.1298545833332276,3.6543521712701446,False
2004-02-13T00:32:39,2.3360239592264396,3.6543521712701446,False
2004-02-13T00:42:39,0.8716483298291702,3.6543521712701446,False
2004-02-13T00:52:39,1.7617025550133523,3.6543521712701446,False
2004-02-13T01:02:39,1.262433026849293,3.6543521712701446,False
2004-02-13T01:12:39,0.7861426200490331,3.6543521712701446,False
2004-02-13T01:22:39,0.42334398233799747,3.6543521712701446,False
2004-02-13T01:32:39,1.361263467321188,3.6543521712701446,False
2004-02-13T01:42:39,0.6632199198718742,3.6543521712701446,False
2004-02-13T01:52:39,1.2012808644921666,3.6543521712701446,False
2004-02-13T02:02:39,1.2925394590601371,3.6543521712701446,False
2004-02-13T02:12:39,0.3900826171905842,3.6543521712701446,False
2004-02-13T02:22:39,1.3312836245533617,3.6543521712701446,False
2004-02-13T02:32:39,0.8879763881330492,3.6543521712701446,False
2004-02-13T02:42:39,1.044793633700445,3.6543521712701446,False
2004-02-13T02:52:39,1.367696609648195,3.6543521712701446,False
2004-02-13T03:02:39,0.9488228656522499,3.6543521712701446,False
2004-02-13T03:12:39,1.0818977147802202,3.6543521712701446,False
2004-02-13T03:22:39,0.7743325367909857,3.6543521712701446,False
2004-02-13T03:32:39,0.914823907277339,3.6543521712701446,False
2004-02-13T03:42:39,1.679980791861753,3.6543521712701446,False
2004-02-13T03:52:39,1.4362315390778015,3.6543521712701446,False
2004-02-13T04:02:39,1.1568612111791372,3.6543521712701446,False
2004-02-13T04:12:39,1.4225437581408202,3.6543521712701446,False
2004-02-13T04:22:39,1.3669822841891766,3.6543521712701446,False
2004-02-13T04:32:39,1.4689598459484203,3.6543521712701446,False
2004-02-13T04:42:39,0.8359753123868586,3.6543521712701446,False
2004-02-13T04:52:39,1.1448936648819141,3.6543521712701446,False
2004-02-13T05:02:39,1.7200316511338758,3.6543521712701446,False
2004-02-13T05:12:39,1.342895317598598,3.6543521712701446,False
2004-02-13T05:22:39,1.166496311810041,3.6543521712701446,False
2004-02-13T05:32:39,2.3021949091402174,3.6543521712701446,False
2004-02-13T05:42:39,1.203155123111655,3.6543521712701446,False
2004-02-13T05:52:39,0.9421920150722666,3.6543521712701446,False
2004-02-13T06:02:39,0.7262495364320812,3.6543521712701446,False
2004-02-13T06:12:39,1.4230606150566119,3.6543521712701446,False
2004-02-13T06:22:39,0.5162187299141476,3.6543521712701446,False
2004-02-13T06:32:39,1.7242164603224028,3.6543521712701446,False
2004-02-13T06:42:39,1.4377577453728423,3.6543521712701446,False
2004-02-13T06:52:39,0.04586740910603893,3.6543521712701446,False
2004-02-13T07:02:39,1.6582507903536938,3.6543521712701446,False
2004-02-13T07:12:39,1.8647321339555658,3.6543521712701446,False
2004-02-13T07:22:39,1.7201934573979274,3.6543521712701446,False
2004-02-13T07:32:39,2.7217402491783522,3.6543521712701446,False
2004-02-13T07:42:39,1.2865297169635652,3.6543521712701446,False
2004-02-13T07:52:39,0.7334866569047671,3.6543521712701446,False
2004-02-13T08:02:39,2.0378293265969254,3.6543521712701446,False
2004-02-13T08:12:39,0.8228668372832504,3.6543521712701446,False
2004-02-13T08:22:39,0.9995685224152747,3.6543521712701446,False
2004-02-13T08:32:39,1.7709833970978233,3.6543521712701446,False
2004-02-13T08:42:39,1.1648212051800395,3.6543521712701446,False
2004-02-13T08:52:39,0.7942461295353689,3.6543521712701446,False
2004-02-13T09:02:39,0.8596159865779687,3.6543521712701446,False
2004-02-13T09:12:39,0.9438565168856505,3.6543521712701446,False
2004-02-13T09:22:39,1.032868985643754,3.6543521712701446,False
2004-02-13T09:32:39,1.1598756292010897,3.6543521712701446,False
2004-02-13T09:42:39,3.540580678985882,3.6543521712701446,False
2004-02-13T09:52:39,2.0453610674053304,3.6543521712701446,False
2004-02-13T10:02:39,0.8899398247118244,3.6543521712701446,False
2004-02-13T10:12:39,0.6486898290818832,3.6543521712701446,False
2004-02-13T10:22:39,0.7393834223889006,3.6543521712701446,False
2004-02-13T10:32:39,1.086010582400154,3.6543521712701446,False
2004-02-13T10:42:39,1.0612550139742787,3.6543521712701446,False
2004-02-13T10:52:39,1.47249461479783,3.6543521712701446,False
2004-02-13T11:02:39,0.833380396027512,3.6543521712701446,False
2004-02-13T11:12:39,2.094118387906667,3.6543521712701446,False
2004-02-13T11:22:39,1.663667682869747,3.6543521712701446,False
2004-02-13T11:32:39,1.89229207247046,3.6543521712701446,False
2004-02-13T11:42:39,0.8196498890752941,3.6543521712701446,False
2004-02-13T11:52:39,1.3289745007261466,3.6543521712701446,False
2004-02-13T12:02:39,0.5102265675102077,3.6543521712701446,False
2004-02-13T12:12:39,1.5927787928897452,3.6543521712701446,False
2004-02-13T12:22:39,2.5113110255192628,3.6543521712701446,False
2004-02-13T12:32:39,0.7610638128634442,3.6543521712701446,False
2004-02-13T12:42:39,2.503258147194036,3.6543521712701446,False
2004-02-13T12:52:39,1.8120665404623193,3.6543521712701446,False
2004-02-13T13:02:39,1.3780099636782552,3.6543521712701446,False
2004-02-13T13:12:39,1.4043626778092249,3.6543521712701446,False
2004-02-13T13:22:39,1.656758607824564,3.6543521712701446,False
2004-02-13T13:32:39,1.8577938084944134,3.6543521712701446,False
2004-02-13T13:42:39,0.6391121003311235,3.6543521712701446,False
2004-02-13T13:52:39,2.9573553810068574,3.6543521712701446,False
2004-02-13T14:02:39,2.448867854187599,3.6543521712701446,False
2004-02-13T14:12:39,1.0516832838543404,3.6543521712701446,False
2004-02-13T14:22:39,1.117916548857784,3.6543521712701446,False
2004-02-13T14:32:39,1.3889723554150706,3.6543521712701446,False
2004-02-13T14:42:39,1.6103464421839888,3.6543521712701446,False
2004-02-13T14:52:39,2.802365829181909,3.6543521712701446,False
2004-02-13T15:02:39,1.7574195035970626,3.6543521712701446,False
2004-02-13T15:12:39,2.624381688542609,3.6543521712701446,False
2004-02-13T15:22:39,3.037947281565306,3.6543521712701446,False
2004-02-13T15:32:39,2.1476858067461,3.6543521712701446,False
2004-02-13T15:42:39,1.723438616887335,3.6543521712701446,False
2004-02-13T15:52:39,2.028988389939215,3.6543521712701446,False
2004-02-13T16:02:39,1.7615377796062957,3.6543521712701446,False
2004-02-13T16:12:39,1.2930245342715694,3.6543521712701446,False
2004-02-13T16:22:39,2.8065524673249693,3.6543521712701446,False
2004-02-13T16:32:39,2.5379931697591718,3.6543521712701446,False
2004-02-13T16:42:39,1.0576179294986736,3.6543521712701446,False
2004-02-13T16:52:39,3.1023476001744066,3.6543521712701446,False
2004-02-13T17:02:39,1.1898932573651588,3.6543521712701446,False
2004-02-13T17:12:39,1.6915021808873394,3.6543521712701446,False
2004-02-13T17:22:39,1.5941797718346367,3.6543521712701446,False
2004-02-13T17:32:39,0.5107969948202715,3.6543521712701446,False
2004-02-13T17:42:39,2.2083331496563186,3.6543521712701446,False
2004-02-13T17:52:39,2.7529192685724775,3.6543521712701446,False
2004-02-13T18:02:39,1.7455393995751578,3.6543521712701446,False
2004-02-13T18:12:39,3.389930643456277,3.6543521712701446,False
2004-02-13T18:22:39,0.8660734566167054,3.6543521712701446,False
2004-02-13T18:32:39,2.1921207934305174,3.6543521712701446,False
2004-02-13T18:42:39,2.3721182393237226,3.6543521712701446,False
2004-02-13T18:52:39,0.6666599295070791,3.6543521712701446,False
2004-02-13T19:02:39,1.0512201880196848,3.6543521712701446,False
2004-02-13T19:12:39,1.6460738293309252,3.6543521712701446,False
2004-02-13T19:22:39,3.203975884139397,3.6543521712701446,False
2004-02-13T19:32:39,1.430955380825692,3.6543521712701446,False
2004-02-13T19:42:39,1.499670338752756,3.6543521712701446,False
2004-02-13T19:52:39,1.4519617430678387,3.6543521712701446,False
2004-02-13T20:02:39,1.622673853649813,3.6543521712701446,False
2004-02-13T20:12:39,1.9934629359917684,3.6543521712701446,False
2004-02-13T20:22:39,0.888723005157329,3.6543521712701446,False
2004-02-13T20:32:39,1.322749663713388,3.6543521712701446,False
2004-02-13T20:42:39,2.5772874265446606,3.6543521712701446,False
2004-02-13T20:52:39,1.8111716471434494,3.6543521712701446,False
2004-02-13T21:02:39,2.1366988566028025,3.6543521712701446,False
2004-02-13T21:12:39,1.7123596921030817,3.6543521712701446,False
2004-02-13T21:22:39,3.404278474032522,3.6543521712701446,False
2004-02-13T21:32:39,2.762627092426633,3.6543521712701446,False
2004-02-13T21:42:39,1.48783379088542,3.6543521712701446,False
2004-02-13T21:52:39,0.7972573321942875,3.6543521712701446,False
2004-02-13T22:02:39,2.6308684678102816,3.6543521712701446,False
2004-02-13T22:12:39,1.1870856570385733,3.6543521712701446,False
2004-02-13T22:22:39,1.0381073651653512,3.6543521712701446,False
2004-02-13T22:32:39,1.5721754520882933,3.6543521712701446,False
2004-02-13T22:42:39,0.932048713910789,3.6543521712701446,False
2004-02-13T22:52:39,1.9386667071838923,3.6543521712701446,False
2004-02-13T23:02:39,1.6567873479582198,3.6543521712701446,False
2004-02-13T23:12:39,2.4989786666781777,3.6543521712701446,False
2004-02-13T23:22:39,1.633674798870178,3.6543521712701446,False
2004-02-13T23:32:39,2.3858614947048267,3.6543521712701446,False
2004-02-13T23:42:39,2.1997633521162134,3.6543521712701446,False
2004-02-13T23:52:39,1.784218719602188,3.6543521712701446,False
2004-02-14T00:02:39,1.466445221620874,3.6543521712701446,False
2004-02-14T00:12:39,2.2031670318566063,3.6543521712701446,False
2004-02-14T00:22:39,1.2870260458452643,3.6543521712701446,False
2004-02-14T00:32:39,2.318757970716222,3.6543521712701446,False
2004-02-14T00:42:39,1.0131999498609736,3.6543521712701446,False
2004-02-14T00:52:39,2.2259459096361938,3.6543521712701446,False
2004-02-14T01:02:39,1.0868257079789676,3.6543521712701446,False
2004-02-14T01:12:39,3.1955431526929887,3.6543521712701446,False
2004-02-14T01:22:39,1.61148664040165,3.6543521712701446,False
2004-02-14T01:32:39,3.1243842671473545,3.6543521712701446,False
2004-02-14T01:42:39,2.390502724924307,3.6543521712701446,False
2004-02-14T01:52:39,1.2454432181674897,3.6543521712701446,False
2004-02-14T02:02:39,2.203038042963274,3.6543521712701446,False
2004-02-14T02:12:39,1.273917160187325,3.6543521712701446,False
2004-02-14T02:22:39,1.8819575068718633,3.6543521712701446,False
2004-02-14T02:32:39,2.37334598500589,3.6543521712701446,False
2004-02-14T02:42:39,1.6430956769433849,3.6543521712701446,False
2004-02-14T02:52:39,0.8530229680386451,3.6543521712701446,False
2004-02-14T03:02:39,2.5667752693217767,3.6543521712701446,False
2004-02-14T03:12:39,2.41741195058058,3.6543521712701446,False
2004-02-14T03:22:39,0.669762787955891,3.6543521712701446,False
2004-02-14T03:32:39,0.2145462882632098,3.6543521712701446,False
2004-02-14T03:42:39,1.7821617295104082,3.6543521712701446,False
2004-02-14T03:52:39,0.7115859900369712,3.6543521712701446,False
2004-02-14T04:02:39,1.5553256561329987,3.6543521712701446,False
2004-02-14T04:12:39,2.3094561750269,3.6543521712701446,False
2004-02-14T04:22:39,2.0636712342356,3.6543521712701446,False
2004-02-14T04:32:39,1.7430802644643684,3.6543521712701446,False
2004-02-14T04:42:39,1.8756524423607626,3.6543521712701446,False
2004-02-14T04:52:39,1.1003299674640517,3.6543521712701446,False
2004-02-14T05:02:39,1.3535532231629543,3.6543521712701446,False
2004-02-14T05:12:39,2.14129747936517,3.6543521712701446,False
2004-02-14T05:22:39,1.5510921503400226,3.6543521712701446,False
2004-02-14T05:32:39,2.729024259328797,3.6543521712701446,False
2004-02-14T05:42:39,1.8182963893951802,3.6543521712701446,False
2004-02-14T05:52:39,1.6948335544848265,3.6543521712701446,False
2004-02-14T06:02:39,2.290295628725895,3.6543521712701446,False
2004-02-14T06:12:39,1.424104347053518,3.6543521712701446,False
2004-02-14T06:22:39,2.535469723779954,3.6543521712701446,False
2004-02-14T06:32:39,2.288791139226507,3.6543521712701446,False
2004-02-14T06:42:39,1.3534187105078799,3.6543521712701446,False
2004-02-14T06:52:39,2.669175999159944,3.6543521712701446,False
2004-02-14T07:02:39,1.3090321440421793,3.6543521712701446,False
2004-02-14T07:12:39,0.937446172830085,3.6543521712701446,False
2004-02-14T07:22:39,1.5351019265854364,3.6543521712701446,False
2004-02-14T07:32:39,1.3803681432536743,3.6543521712701446,False
2004-02-14T07:42:39,2.716188100519152,3.6543521712701446,False
2004-02-14T07:52:39,2.130461966876614,3.6543521712701446,False
2004-02-14T08:02:39,2.246963905897279,3.6543521712701446,False
2004-02-14T08:12:39,0.9657890524535863,3.6543521712701446,False
2004-02-14T08:22:39,1.6207129601384818,3.6543521712701446,False
2004-02-14T08:32:39,1.8700155098498517,3.6543521712701446,False
2004-02-14T08:42:39,2.791184156112405,3.6543521712701446,False
2004-02-14T08:52:39,2.2897989071441422,3.6543521712701446,False
2004-02-14T09:02:39,3.0286405763933115,3.6543521712701446,False
2004-02-14T09:12:39,2.3244503510252557,3.6543521712701446,False
2004-02-14T09:22:39,1.6875254273730318,3.6543521712701446,False
2004-02-14T09:32:39,2.4837736472223115,3.6543521712701446,False
2004-02-14T09:42:39,1.7615339817329176,3.6543521712701446,False
2004-02-14T09:52:39,1.9980022537732034,3.6543521712701446,False
2004-02-14T10:02:39,2.6448654360690163,3.6543521712701446,False
2004-02-14T10:12:39,2.453791586027695,3.6543521712701446,False
2004-02-14T10:22:39,2.671300770175452,3.6543521712701446,False
2004-02-14T10:32:39,1.6129801637741656,3.6543521712701446,False
2004-02-14T10:42:39,2.7108953982458397,3.6543521712701446,False
2004-02-14T10:52:39,2.390682475508297,3.6543521712701446,False
2004-02-14T11:02:39,1.0016018643750648,3.6543521712701446,False
2004-02-14T11:12:39,1.0083451948941677,3.6543521712701446,False
2004-02-14T11:22:39,1.2888876930945103,3.6543521712701446,False
2004-02-14T11:32:39,1.5271566551356885,3.6543521712701446,False
2004-02-14T11:42:39,0.8753909697907525,3.6543521712701446,False
2004-02-14T11:52:39,1.2268475273115154,3.6543521712701446,False
2004-02-14T12:02:39,0.4175892541050369,3.6543521712701446,False
2004-02-14T12:12:39,0.8707605378389007,3.6543521712701446,False
2004-02-14T12:22:39,1.7123354921572636,3.6543521712701446,False
2004-02-14T12:32:39,1.8538613081871422,3.6543521712701446,False
2004-02-14T12:42:39,1.8424170134910178,3.6543521712701446,False
2004-02-14T12:52:39,1.4558151675030802,3.6543521712701446,False
2004-02-14T13:02:39,2.3021315708972896,3.6543521712701446,False
2004-02-14T13:12:39,1.7884277927839385,3.6543521712701446,False
2004-02-14T13:22:39,2.5159786293843376,3.6543521712701446,False
2004-02-14T13:32:39,2.466479749908381,3.6543521712701446,False
2004-02-14T13:42:39,2.3155403097831795,3.6543521712701446,False
2004-02-14T13:52:39,2.1325555580893303,3.6543521712701446,False
2004-02-14T14:02:39,2.362590976970925,3.6543521712701446,False
2004-02-14T14:12:39,1.4331709218439121,3.6543521712701446,False
2004-02-14T14:22:39,1.7556204017495256,3.6543521712701446,False
2004-02-14T14:32:39,3.7047724868283214,3.6543521712701446,True
2004-02-14T14:42:39,2.443373848698721,3.6543521712701446,False
2004-02-14T14:52:39,1.9702896063866477,3.6543521712701446,False
2004-02-14T15:02:39,2.8631008332089443,3.6543521712701446,False
2004-02-14T15:12:39,2.6863135221256815,3.6543521712701446,False
2004-02-14T15:22:39,2.2277917686641184,3.6543521712701446,False
2004-02-14T15:32:39,2.1967854228177557,3.6543521712701446,False
2004-02-14T15:42:39,3.394789636766503,3.6543521712701446,False
2004-02-14T15:52:39,1.8660026875956433,3.6543521712701446,False
2004-02-14T16:02:39,1.4580468275683642,3.6543521712701446,False
2004-02-14T16:12:39,2.4609667456365956,3.6543521712701446,False
2004-02-14T16:22:39,2.011729396329603,3.6543521712701446,False
2004-02-14T16:32:39,2.184294662853984,3.6543521712701446,False
2004-02-14T16:42:39,1.9908344089892345,3.6543521712701446,False
2004-02-14T16:52:39,2.7509290148092,3.6543521712701446,False
2004-02-14T17:02:39,0.6813231991287605,3.6543521712701446,False
2004-02-14T17:12:39,1.878989810339852,3.6543521712701446,False
2004-02-14T17:22:39,2.6946634757870123,3.6543521712701446,False
2004-02-14T17:32:39,2.0370629905171804,3.6543521712701446,False
2004-02-14T17:42:39,1.9653718243724163,3.6543521712701446,False
2004-02-14T17:52:39,2.066120974561617,3.6543521712701446,False
2004-02-14T18:02:39,3.1742405862437435,3.6543521712701446,False
2004-02-14T18:12:39,3.0141242450023302,3.6543521712701446,False
2004-02-14T18:22:39,2.4783864887099956,3.6543521712701446,False
2004-02-14T18:32:39,2.1277485063293438,3.6543521712701446,False
2004-02-14T18:42:39,2.040297497244235,3.6543521712701446,False
2004-02-14T18:52:39,1.3829365757897734,3.6543521712701446,False
2004-02-14T19:02:39,2.198739772259766,3.6543521712701446,False
2004-02-14T19:12:39,1.9650739828261135,3.6543521712701446,False
2004-02-14T19:22:39,3.3610258272407543,3.6543521712701446,False
2004-02-14T19:32:39,2.33646013146492,3.6543521712701446,False
2004-02-14T19:42:39,1.546410616984086,3.6543521712701446,False
2004-02-14T19:52:39,1.5458765504373384,3.6543521712701446,False
2004-02-14T20:02:39,1.2311426256809668,3.6543521712701446,False
2004-02-14T20:12:39,1.4094369169870844,3.6543521712701446,False
2004-02-14T20:22:39,1.5148102289043788,3.6543521712701446,False
2004-02-14T20:32:39,1.691283227709891,3.6543521712701446,False
2004-02-14T20:42:39,3.445486808085957,3.6543521712701446,False
2004-02-14T20:52:39,3.8118037076045908,3.6543521712701446,True
2004-02-14T21:02:39,1.5444080721766094,3.6543521712701446,False
2004-02-14T21:12:39,1.2065913951942384,3.6543521712701446,False
2004-02-14T21:22:39,2.390807276884251,3.6543521712701446,False
2004-02-14T21:32:39,2.219614779798362,3.6543521712701446,False
2004-02-14T21:42:39,3.2116151153690446,3.6543521712701446,False
2004-02-14T21:52:39,2.212493197333026,3.6543521712701446,False
2004-02-14T22:02:39,2.063637741117606,3.6543521712701446,False
2004-02-14T22:12:39,2.2169361506310468,3.6543521712701446,False
2004-02-14T22:22:39,2.805249696569907,3.6543521712701446,False
2004-02-14T22:32:39,2.437181397724053,3.6543521712701446,False
2004-02-14T22:42:39,3.6490414976480503,3.6543521712701446,False
2004-02-14T22:52:39,2.0767725191274846,3.6543521712701446,False
2004-02-14T23:02:39,1.493503905741685,3.6543521712701446,False
2004-02-14T23:12:39,1.063898085113062,3.6543521712701446,False
2004-02-14T23:22:39,2.017376053501136,3.6543521712701446,False
2004-02-14T23:32:39,1.9264424157227722,3.6543521712701446,False
2004-02-14T23:42:39,0.8943668706083444,3.6543521712701446,False
2004-02-14T23:52:39,3.401379042913885,3.6543521712701446,False
2004-02-15T00:02:39,2.477015019281741,3.6543521712701446,False
2004-02-15T00:12:39,2.568643741514527,3.6543521712701446,False
2004-02-15T00:22:39,2.8875063292645087,3.6543521712701446,False
2004-02-15T00:32:39,2.3808604802460933,3.6543521712701446,False
2004-02-15T00:42:39,1.8891678548417281,3.6543521712701446,False
2004-02-15T00:52:39,2.876320331338962,3.6543521712701446,False
2004-02-15T01:02:39,1.7594776967408996,3.6543521712701446,False
2004-02-15T01:12:39,2.0645895326762584,3.6543521712701446,False
2004-02-15T01:22:39,2.674643683879153,3.6543521712701446,False
2004-02-15T01:32:39,2.6759333569427937,3.6543521712701446,False
2004-02-15T01:42:39,3.2090949914295472,3.6543521712701446,False
2004-02-15T01:52:39,2.3120447557308625,3.6543521712701446,False
2004-02-15T02:02:39,0.24517113321015388,3.6543521712701446,False
2004-02-15T02:12:39,1.730557687574192,3.6543521712701446,False
2004-02-15T02:22:39,2.323623633423048,3.6543521712701446,False
2004-02-15T02:32:39,2.820398412784104,3.6543521712701446,False
2004-02-15T02:42:39,1.6020075585256082,3.6543521712701446,False
2004-02-15T02:52:39,2.596691402277911,3.6543521712701446,False
2004-02-15T03:02:39,1.5110150449696174,3.6543521712701446,False
2004-02-15T03:12:39,2.8806870788638923,3.6543521712701446,False
2004-02-15T03:22:39,0.7951445375562454,3.6543521712701446,False
2004-02-15T03:32:39,2.5043431508584164,3.6543521712701446,False
2004-02-15T03:42:39,2.19693438571221,3.6543521712701446,False
2004-02-15T03:52:39,1.6753935567300364,3.6543521712701446,False
2004-02-15T04:02:39,2.6575953008289233,3.6543521712701446,False
2004-02-15T04:12:39,2.559428635699426,3.6543521712701446,False
2004-02-15T04:22:39,1.9251287807836108,3.6543521712701446,False
2004-02-15T04:32:39,1.9118064080776769,3.6543521712701446,False
2004-02-15T04:42:39,2.341106139185992,3.6543521712701446,False
2004-02-15T04:52:39,3.9488072270591017,3.6543521712701446,True
2004-02-15T05:02:39,1.599616315785859,3.6543521712701446,False
2004-02-15T05:12:39,2.0524788896725084,3.6543521712701446,False
2004-02-15T05:22:39,3.2843808465102375,3.6543521712701446,False
2004-02-15T05:32:39,2.6738362767361084,3.6543521712701446,False
2004-02-15T05:42:39,3.9362400787431304,3.6543521712701446,True
2004-02-15T05:52:39,2.457787817865384,3.6543521712701446,False
2004-02-15T06:02:39,1.5092537490358269,3.6543521712701446,False
2004-02-15T06:12:39,3.278328799668403,3.6543521712701446,False
2004-02-15T06:22:39,2.8003396650459393,3.6543521712701446,False
2004-02-15T06:32:39,2.383050680736898,3.6543521712701446,False
2004-02-15T06:42:39,1.2083933038855823,3.6543521712701446,False
2004-02-15T06:52:39,2.304723340324479,3.6543521712701446,False
2004-02-15T07:02:39,2.224975874870676,3.6543521712701446,False
2004-02-15T07:12:39,2.6534999301132056,3.6543521712701446,False
2004-02-15T07:22:39,2.2543069154503006,3.6543521712701446,False
2004-02-15T07:32:39,2.095237169586483,3.6543521712701446,False
2004-02-15T07:42:39,1.913906352640535,3.6543521712701446,False
2004-02-15T07:52:39,2.7530360513962817,3.6543521712701446,False
2004-02-15T08:02:39,2.4353752115677576,3.6543521712701446,False
2004-02-15T08:12:39,1.5020466836019986,3.6543521712701446,False
2004-02-15T08:22:39,3.6731271920477244,3.6543521712701446,True
2004-02-15T08:32:39,1.1946293999469373,3.6543521712701446,False
2004-02-15T08:42:39,2.288169273740537,3.6543521712701446,False
2004-02-15T08:52:39,1.8782391052338925,3.6543521712701446,False
2004-02-15T09:02:39,1.7978226459703048,3.6543521712701446,False
2004-02-15T09:12:39,2.822368635056541,3.6543521712701446,False
2004-02-15T09:22:39,1.4591464373103946,3.6543521712701446,False
2004-02-15T09:32:39,1.9509259008416584,3.6543521712701446,False
2004-02-15T09:42:39,2.6788266272178283,3.6543521712701446,False
2004-02-15T09:52:39,1.1172884104561516,3.6543521712701446,False
2004-02-15T10:02:39,1.7703143341549021,3.6543521712701446,False
2004-02-15T10:12:39,2.350345280054591,3.6543521712701446,False
2004-02-15T10:22:39,2.3762549860713147,3.6543521712701446,False
2004-02-15T10:32:39,3.182298720358184,3.6543521712701446,False
2004-02-15T10:42:39,3.4828458363217925,3.6543521712701446,False
2004-02-15T10:52:39,2.2005166642035623,3.6543521712701446,False
2004-02-15T11:02:39,3.050540380929466,3.6543521712701446,False
2004-02-15T11:12:39,0.3004702547452223,3.6543521712701446,False
2004-02-15T11:22:39,2.615488109130975,3.6543521712701446,False
2004-02-15T11:32:39,3.057670105784736,3.6543521712701446,False
2004-02-15T11:42:39,2.2931985797302303,3.6543521712701446,False
2004-02-15T11:52:39,1.832197242442864,3.6543521712701446,False
2004-02-15T12:02:39,3.0083137624755363,3.6543521712701446,False
2004-02-15T12:12:39,2.3344978255291515,3.6543521712701446,False
2004-02-15T12:22:39,1.2766024749972662,3.6543521712701446,False
2004-02-15T12:32:39,2.951868955059768,3.6543521712701446,False
2004-02-15T12:42:39,0.43375194025559116,3.6543521712701446,False
2004-02-15T12:52:39,2.890466935669172,3.6543521712701446,False
2004-02-15T13:02:39,1.819398895279569,3.6543521712701446,False
2004-02-15T13:12:39,2.619611193940488,3.6543521712701446,False
2004-02-15T13:22:39,2.672599688133404,3.6543521712701446,False
2004-02-15T13:32:39,1.7225358656836942,3.6543521712701446,False
2004-02-15T13:42:39,2.0619789776196007,3.6543521712701446,False
2004-02-15T13:52:39,3.023708276173695,3.6543521712701446,False
2004-02-15T14:02:39,1.716901535584037,3.6543521712701446,False
2004-02-15T14:12:39,1.8034473808766631,3.6543521712701446,False
2004-02-15T14:22:39,2.2416017658923884,3.6543521712701446,False
2004-02-15T14:32:39,2.8711216589985913,3.6543521712701446,False
2004-02-15T14:42:39,2.5168198233332184,3.6543521712701446,False
2004-02-15T14:52:39,2.4766464987456223,3.6543521712701446,False
2004-02-15T15:02:39,0.9931044869149315,3.6543521712701446,False
2004-02-15T15:12:39,2.396091826788747,3.6543521712701446,False
2004-02-15T15:22:39,1.499345992660997,3.6543521712701446,False
2004-02-15T15:32:39,1.6213653792082983,3.6543521712701446,False
2004-02-15T15:42:39,1.8847576522271643,3.6543521712701446,False
2004-02-15T15:52:39,2.985011256045641,3.6543521712701446,False
2004-02-15T16:02:39,3.058151947238803,3.6543521712701446,False
2004-02-15T16:12:39,2.0362754144860573,3.6543521712701446,False
2004-02-15T16:22:39,2.413865262579825,3.6543521712701446,False
2004-02-15T16:32:39,0.8299240340448882,3.6543521712701446,False
2004-02-15T16:42:39,3.8234574802477654,3.6543521712701446,True
2004-02-15T16:52:39,1.7517580752858768,3.6543521712701446,False
2004-02-15T17:02:39,2.131439632094556,3.6543521712701446,False
2004-02-15T17:12:39,2.8585796262476784,3.6543521712701446,False
2004-02-15T17:22:39,1.4978572423824774,3.6543521712701446,False
2004-02-15T17:32:39,3.127544038830012,3.6543521712701446,False
2004-02-15T17:42:39,2.157352143105899,3.6543521712701446,False
2004-02-15T17:52:39,2.1789237739557685,3.6543521712701446,False
2004-02-15T18:02:39,1.7406214806002431,3.6543521712701446,False
2004-02-15T18:12:39,2.765526721206862,3.6543521712701446,False
2004-02-15T18:22:39,1.9767996054047958,3.6543521712701446,False
2004-02-15T18:32:39,2.873205035645145,3.6543521712701446,False
2004-02-15T18:42:39,2.2397290942312615,3.6543521712701446,False
2004-02-15T18:52:39,2.684969528814268,3.6543521712701446,False
2004-02-15T19:02:39,1.884676430408527,3.6543521712701446,False
2004-02-15T19:12:39,2.3258981090610082,3.6543521712701446,False
2004-02-15T19:22:39,2.515380994644395,3.6543521712701446,False
2004-02-15T19:32:39,2.1462170208863633,3.6543521712701446,False
2004-02-15T19:42:39,1.712173335007369,3.6543521712701446,False
2004-02-15T19:52:39,1.7935586697167556,3.6543521712701446,False
2004-02-15T20:02:39,3.336150423727415,3.6543521712701446,False
2004-02-15T20:12:39,4.042276643014465,3.6543521712701446,True
2004-02-15T20:22:39,1.9731467508768927,3.6543521712701446,False
2004-02-15T20:32:39,1.7243529564237419,3.6543521712701446,False
2004-02-15T20:42:39,2.3389249115062816,3.6543521712701446,False
2004-02-15T20:52:39,4.042490637365053,3.6543521712701446,True
2004-02-15T21:02:39,3.2478939322433926,3.6543521712701446,False
2004-02-15T21:12:39,1.4374473653156181,3.6543521712701446,False
2004-02-15T21:22:39,1.2749718126903518,3.6543521712701446,False
2004-02-15T21:32:39,2.732148984861924,3.6543521712701446,False
2004-02-15T21:42:39,2.739295987330739,3.6543521712701446,False
2004-02-15T21:52:39,2.7494649301614675,3.6543521712701446,False
2004-02-15T22:02:39,2.794539736318955,3.6543521712701446,False
2004-02-15T22:12:39,1.9344533366149015,3.6543521712701446,False
2004-02-15T22:22:39,2.359550180075254,3.6543521712701446,False
2004-02-15T22:32:39,1.9998519994301314,3.6543521712701446,False
2004-02-15T22:42:39,1.725765212757645,3.6543521712701446,False
2004-02-15T22:52:39,2.14709256309683,3.6543521712701446,False
2004-02-15T23:02:39,1.8797964427322857,3.6543521712701446,False
2004-02-15T23:12:39,2.50874639745575,3.6543521712701446,False
2004-02-15T23:22:39,2.386286456721493,3.6543521712701446,False
2004-02-15T23:32:39,2.46199858912273,3.6543521712701446,False
2004-02-15T23:42:39,1.8573347414870056,3.6543521712701446,False
2004-02-15T23:52:39,2.2827075850671887,3.6543521712701446,False
2004-02-16T00:02:39,1.628646499354807,3.6543521712701446,False
2004-02-16T00:12:39,1.7350156051680725,3.6543521712701446,False
2004-02-16T00:22:39,1.3767907570144007,3.6543521712701446,False
2004-02-16T00:32:39,2.3144190749383555,3.6543521712701446,False
2004-02-16T00:42:39,1.8394868524945172,3.6543521712701446,False
2004-02-16T00:52:39,3.293361590382261,3.6543521712701446,False
2004-02-16T01:02:39,2.516763357627102,3.6543521712701446,False
2004-02-16T01:12:39,1.4194784491633476,3.6543521712701446,False
2004-02-16T01:22:39,3.146988163111795,3.6543521712701446,False
2004-02-16T01:32:39,1.716630486530703,3.6543521712701446,False
2004-02-16T01:42:39,1.196614089228172,3.6543521712701446,False
2004-02-16T01:52:39,2.2934595321685047,3.6543521712701446,False
2004-02-16T02:02:39,2.4353314162720507,3.6543521712701446,False
2004-02-16T02:12:39,2.02882954303521,3.6543521712701446,False
2004-02-16T02:22:39,1.5158002235648935,3.6543521712701446,False
2004-02-16T02:32:39,1.881875273400805,3.6543521712701446,False
2004-02-16T02:42:39,2.2381006814723805,3.6543521712701446,False
2004-02-16T02:52:39,1.9911223279674628,3.6543521712701446,False
2004-02-16T03:02:39,1.8847052082596671,3.6543521712701446,False
2004-02-16T03:12:39,2.487651456435311,3.6543521712701446,False
2004-02-16T03:22:39,3.636165359128643,3.6543521712701446,False
2004-02-16T03:32:39,3.786992312734084,3.6543521712701446,True
2004-02-16T03:42:39,3.0093258415838897,3.6543521712701446,False
2004-02-16T03:52:39,3.73271613572631,3.6543521712701446,True
2004-02-16T04:02:39,2.842013619098883,3.6543521712701446,False
2004-02-16T04:12:39,5.068708526752997,3.6543521712701446,True
2004-02-16T04:22:39,4.10052231226561,3.6543521712701446,True
2004-02-16T04:32:39,2.207849264721043,3.6543521712701446,False
2004-02-16T04:42:39,3.2290299473648245,3.6543521712701446,False
2004-02-16T04:52:39,3.360970460907932,3.6543521712701446,False
2004-02-16T05:02:39,3.449785683761353,3.6543521712701446,False
2004-02-16T05:12:39,3.7828399969862563,3.6543521712701446,True
2004-02-16T05:22:39,4.897791281506823,3.6543521712701446,True
2004-02-16T05:32:39,3.1964012724412494,3.6543521712701446,False
2004-02-16T05:42:39,3.5206951777417026,3.6543521712701446,False
2004-02-16T05:52:39,4.3498240570001965,3.6543521712701446,True
2004-02-16T06:02:39,4.968444967341646,3.6543521712701446,True
2004-02-16T06:12:39,5.199155155007014,3.6543521712701446,True
2004-02-16T06:22:39,4.394106675715608,3.6543521712701446,True
2004-02-16T06:32:39,4.132897935100855,3.6543521712701446,True
2004-02-16T06:42:39,4.03529136885648,3.6543521712701446,True
2004-02-16T06:52:39,3.67881711680154,3.6543521712701446,True
2004-02-16T07:02:39,4.7200155067668215,3.6543521712701446,True
2004-02-16T07:12:39,3.774738858119896,3.6543521712701446,True
2004-02-16T07:22:39,5.348201942864596,3.6543521712701446,True
2004-02-16T07:32:39,4.730795496496997,3.6543521712701446,True
2004-02-16T07:42:39,5.2419869287187115,3.6543521712701446,True
2004-02-16T07:52:39,5.120878362541771,3.6543521712701446,True
2004-02-16T08:02:39,4.714065785167368,3.6543521712701446,True
2004-02-16T08:12:39,4.6421929001367195,3.6543521712701446,True
2004-02-16T08:22:39,5.874377429349604,3.6543521712701446,True
2004-02-16T08:32:39,3.6593152909348015,3.6543521712701446,True
2004-02-16T08:42:39,4.8764528324082805,3.6543521712701446,True
2004-02-16T08:52:39,4.9144378993158035,3.6543521712701446,True
2004-02-16T09:02:39,3.9881687745683476,3.6543521712701446,True
2004-02-16T09:12:39,3.918575231914905,3.6543521712701446,True
2004-02-16T09:22:39,5.551569191968362,3.6543521712701446,True
2004-02-16T09:32:39,3.7955192374139637,3.6543521712701446,True
2004-02-16T09:42:39,5.309869450699862,3.6543521712701446,True
2004-02-16T09:52:39,5.386804748418666,3.6543521712701446,True
2004-02-16T10:02:39,3.401060985215742,3.6543521712701446,False
2004-02-16T10:12:39,4.7496169567071655,3.6543521712701446,True
2004-02-16T10:22:39,4.810379852427871,3.6543521712701446,True
2004-02-16T10:32:39,4.6804263947329,3.6543521712701446,True
2004-02-16T10:42:39,5.304598705246505,3.6543521712701446,True
2004-02-16T10:52:39,5.463959967006637,3.6543521712701446,True
2004-02-16T11:02:39,7.303362031236839,3.6543521712701446,True
2004-02-16T11:12:39,5.051542854326687,3.6543521712701446,True
2004-02-16T11:22:39,6.026058889084888,3.6543521712701446,True
2004-02-16T11:32:39,5.357357475031388,3.6543521712701446,True
2004-02-16T11:42:39,6.261434846107956,3.6543521712701446,True
2004-02-16T11:52:39,4.530524986803257,3.6543521712701446,True
2004-02-16T12:02:39,5.734280061751109,3.6543521712701446,True
2004-02-16T12:12:39,6.499705134190177,3.6543521712701446,True
2004-02-16T12:22:39,6.453962559516496,3.6543521712701446,True
2004-02-16T12:32:39,5.382581444894295,3.6543521712701446,True
2004-02-16T12:42:39,6.348971459133904,3.6543521712701446,True
2004-02-16T12:52:39,6.3169647682329835,3.6543521712701446,True
2004-02-16T13:02:39,5.283778272419312,3.6543521712701446,True
2004-02-16T13:12:39,5.090852799143614,3.6543521712701446,True
2004-02-16T13:22:39,6.811091523249964,3.6543521712701446,True
2004-02-16T13:32:39,6.959319888397412,3.6543521712701446,True
2004-02-16T13:42:39,5.408251632861898,3.6543521712701446,True
2004-02-16T13:52:39,6.337026662491182,3.6543521712701446,True
2004-02-16T14:02:39,5.546572103905606,3.6543521712701446,True
2004-02-16T14:12:39,6.063157041664427,3.6543521712701446,True
2004-02-16T14:22:39,5.84605464025115,3.6543521712701446,True
2004-02-16T14:32:39,5.5628559902150565,3.6543521712701446,True
2004-02-16T14:42:39,7.507535839381638,3.6543521712701446,True
2004-02-16T14:52:39,6.1694478737391165,3.6543521712701446,True
2004-02-16T15:02:39,6.3429889514189925,3.6543521712701446,True
2004-02-16T15:12:39,6.272109428147844,3.6543521712701446,True
2004-02-16T15:22:39,6.387167436771892,3.6543521712701446,True
2004-02-16T15:32:39,6.49569517735258,3.6543521712701446,True
2004-02-16T15:42:39,7.469856565361466,3.6543521712701446,True
2004-02-16T15:52:39,7.337382255826644,3.6543521712701446,True
2004-02-16T16:02:39,7.103730920278354,3.6543521712701446,True
2004-02-16T16:12:39,8.869944096533676,3.6543521712701446,True
2004-02-16T16:22:39,7.753756082158099,3.6543521712701446,True
2004-02-16T16:32:39,7.925196429920365,3.6543521712701446,True
2004-02-16T16:42:39,6.8795342570568945,3.6543521712701446,True
2004-02-16T16:52:39,8.995207688301974,3.6543521712701446,True
2004-02-16T17:02:39,8.428773168568359,3.6543521712701446,True
2004-02-16T17:12:39,7.860745645904405,3.6543521712701446,True
2004-02-16T17:22:39,8.279721346977238,3.6543521712701446,True
2004-02-16T17:32:39,8.124792921749396,3.6543521712701446,True
2004-02-16T17:42:39,7.905826437898622,3.6543521712701446,True
2004-02-16T17:52:39,7.113528166231957,3.6543521712701446,True
2004-02-16T18:02:39,9.461997544277901,3.6543521712701446,True
2004-02-16T18:12:39,7.649962274239626,3.6543521712701446,True
2004-02-16T18:22:39,7.310980661260584,3.6543521712701446,True
2004-02-16T18:32:39,8.131412871971886,3.6543521712701446,True
2004-02-16T18:42:39,8.69818759888638,3.6543521712701446,True
2004-02-16T18:52:39,8.467603908449767,3.6543521712701446,True
2004-02-16T19:02:39,7.817772008653867,3.6543521712701446,True
2004-02-16T19:12:39,8.837529536998652,3.6543521712701446,True
2004-02-16T19:22:39,7.166581144941758,3.6543521712701446,True
2004-02-16T19:32:39,7.116623067471139,3.6543521712701446,True
2004-02-16T19:42:39,8.941169745721728,3.6543521712701446,True
2004-02-16T19:52:39,7.606178841861963,3.6543521712701446,True
2004-02-16T20:02:39,6.603875161552516,3.6543521712701446,True
2004-02-16T20:12:39,8.505201838387975,3.6543521712701446,True
2004-02-16T20:22:39,7.494377088243428,3.6543521712701446,True
2004-02-16T20:32:39,8.722716909210675,3.6543521712701446,True
2004-02-16T20:42:39,8.059731241714415,3.6543521712701446,True
2004-02-16T20:52:39,8.227586387614496,3.6543521712701446,True
2004-02-16T21:02:39,8.353827578835295,3.6543521712701446,True
2004-02-16T21:12:39,9.038130685726417,3.6543521712701446,True
2004-02-16T21:22:39,8.971357478463242,3.6543521712701446,True
2004-02-16T21:32:39,9.684512349489253,3.6543521712701446,True
2004-02-16T21:42:39,8.659612697071287,3.6543521712701446,True
2004-02-16T21:52:39,8.598122560721206,3.6543521712701446,True
2004-02-16T22:02:39,8.623957426447975,3.6543521712701446,True
2004-02-16T22:12:39,8.58869000709761,3.6543521712701446,True
2004-02-16T22:22:39,9.772365116447084,3.6543521712701446,True
2004-02-16T22:32:39,11.856572256533054,3.6543521712701446,True
2004-02-16T22:42:39,10.676938385384537,3.6543521712701446,True
2004-02-16T22:52:39,12.496411306859741,3.6543521712701446,True
2004-02-16T23:02:39,11.978241304064857,3.6543521712701446,True
2004-02-16T23:12:39,11.074121487624458,3.6543521712701446,True
2004-02-16T23:22:39,12.619208804865295,3.6543521712701446,True
2004-02-16T23:32:39,11.24040385116832,3.6543521712701446,True
2004-02-16T23:42:39,10.474052590249254,3.6543521712701446,True
2004-02-16T23:52:39,12.088272434506738,3.6543521712701446,True
2004-02-17T00:02:39,11.76156308136153,3.6543521712701446,True
2004-02-17T00:12:39,10.465472580892637,3.6543521712701446,True
2004-02-17T00:22:39,11.169150347940468,3.6543521712701446,True
2004-02-17T00:32:39,12.203363649009233,3.6543521712701446,True
2004-02-17T00:42:39,12.872575558065577,3.6543521712701446,True
2004-02-17T00:52:39,13.385671816005186,3.6543521712701446,True
2004-02-17T01:02:39,11.716744566792617,3.6543521712701446,True
2004-02-17T01:12:39,11.290658627908059,3.6543521712701446,True
2004-02-17T01:22:39,12.026092130851158,3.6543521712701446,True
2004-02-17T01:32:39,13.10493676103279,3.6543521712701446,True
2004-02-17T01:42:39,11.501894183308766,3.6543521712701446,True
2004-02-17T01:52:39,11.476944934193723,3.6543521712701446,True
2004-02-17T02:02:39,12.267916382349096,3.6543521712701446,True
2004-02-17T02:12:39,12.417274690338127,3.6543521712701446,True
2004-02-17T02:22:39,11.608769212401981,3.6543521712701446,True
2004-02-17T02:32:39,10.538584015138188,3.6543521712701446,True
2004-02-17T02:42:39,10.106560458700335,3.6543521712701446,True
2004-02-17T02:52:39,12.444363490325882,3.6543521712701446,True
2004-02-17T03:02:39,10.55517773161566,3.6543521712701446,True
2004-02-17T03:12:39,11.168355822566253,3.6543521712701446,True
2004-02-17T03:22:39,12.039266160253177,3.6543521712701446,True
2004-02-17T03:32:39,12.745544975379335,3.6543521712701446,True
2004-02-17T03:42:39,11.31218922211779,3.6543521712701446,True
2004-02-17T03:52:39,11.077382205611807,3.6543521712701446,True
2004-02-17T04:02:39,11.152532213328913,3.6543521712701446,True
2004-02-17T04:12:39,11.767502133063692,3.6543521712701446,True
2004-02-17T04:22:39,11.698212891515672,3.6543521712701446,True
2004-02-17T04:32:39,12.154344627467452,3.6543521712701446,True
2004-02-17T04:42:39,11.92903544658185,3.6543521712701446,True
2004-02-17T04:52:39,12.621131562437741,3.6543521712701446,True
2004-02-17T05:02:39,11.157858862165398,3.6543521712701446,True
2004-02-17T05:12:39,12.879922533582384,3.6543521712701446,True
2004-02-17T05:22:39,12.185240837410058,3.6543521712701446,True
2004-02-17T05:32:39,11.857336658608114,3.6543521712701446,True
2004-02-17T05:42:39,13.1987727120148,3.6543521712701446,True
2004-02-17T05:52:39,11.551983210888311,3.6543521712701446,True
2004-02-17T06:02:39,13.369955249291475,3.6543521712701446,True
2004-02-17T06:12:39,12.485401837625993,3.6543521712701446,True
2004-02-17T06:22:39,12.22182472126367,3.6543521712701446,True
2004-02-17T06:32:39,13.103849581371732,3.6543521712701446,True
2004-02-17T06:42:39,12.40736284006086,3.6543521712701446,True
2004-02-17T06:52:39,11.713786711179932,3.6543521712701446,True
2004-02-17T07:02:39,14.339484568365698,3.6543521712701446,True
2004-02-17T07:12:39,14.945862677897248,3.6543521712701446,True
2004-02-17T07:22:39,18.20441302895988,3.6543521712701446,True
2004-02-17T07:32:39,34.27840627126668,3.6543521712701446,True
2004-02-17T07:42:39,36.50783396169262,3.6543521712701446,True
2004-02-17T07:52:39,36.87923794947765,3.6543521712701446,True
2004-02-17T08:02:39,36.174278341174,3.6543521712701446,True
2004-02-17T08:12:39,35.39521068413054,3.6543521712701446,True
2004-02-17T08:22:39,35.92300254809148,3.6543521712701446,True
2004-02-17T08:32:39,35.812741836899974,3.6543521712701446,True
2004-02-17T08:42:39,33.50613049743495,3.6543521712701446,True
2004-02-17T08:52:39,37.02305062401143,3.6543521712701446,True
2004-02-17T09:02:39,36.777250434427266,3.6543521712701446,True
2004-02-17T09:12:39,35.172817171935705,3.6543521712701446,True
2004-02-17T09:22:39,36.23622659802982,3.6543521712701446,True
2004-02-17T09:32:39,35.99332119420082,3.6543521712701446,True
2004-02-17T09:42:39,35.638978002086944,3.6543521712701446,True
2004-02-17T09:52:39,33.69118960725959,3.6543521712701446,True
2004-02-17T10:02:39,34.352369905374026,3.6543521712701446,True
2004-02-17T10:12:39,34.52194313845437,3.6543521712701446,True
2004-02-17T10:22:39,34.97909798515686,3.6543521712701446,True
2004-02-17T10:32:39,34.131322007349425,3.6543521712701446,True
2004-02-17T10:42:39,33.64916308822838,3.6543521712701446,True
2004-02-17T10:52:39,33.64298959834254,3.6543521712701446,True
2004-02-17T11:02:39,33.70017770961285,3.6543521712701446,True
2004-02-17T11:12:39,34.201927900785,3.6543521712701446,True
2004-02-17T11:22:39,36.02880485991706,3.6543521712701446,True
2004-02-17T11:32:39,35.97835256140983,3.6543521712701446,True
2004-02-17T11:42:39,35.26709084393598,3.6543521712701446,True
2004-02-17T11:52:39,34.54491281680362,3.6543521712701446,True
2004-02-17T12:02:39,34.47132206732004,3.6543521712701446,True
2004-02-17T12:12:39,35.59924619570092,3.6543521712701446,True
2004-02-17T12:22:39,31.326442440626643,3.6543521712701446,True
2004-02-17T12:32:39,33.429054073421725,3.6543521712701446,True
2004-02-17T12:42:39,31.437103822968016,3.6543521712701446,True
2004-02-17T12:52:39,32.736931657447585,3.6543521712701446,True
2004-02-17T13:02:39,30.44135185206488,3.6543521712701446,True
2004-02-17T13:12:39,30.635495953912688,3.6543521712701446,True
2004-02-17T13:22:39,32.50240058472428,3.6543521712701446,True
2004-02-17T13:32:39,27.84470266929243,3.6543521712701446,True
2004-02-17T13:42:39,26.452768774428552,3.6543521712701446,True
2004-02-17T13:52:39,30.00283318503776,3.6543521712701446,True
2004-02-17T14:02:39,28.658530860656086,3.6543521712701446,True
2004-02-17T14:12:39,28.394843900557905,3.6543521712701446,True
2004-02-17T14:22:39,26.189390102280246,3.6543521712701446,True
2004-02-17T14:32:39,27.927386411703438,3.6543521712701446,True
2004-02-17T14:42:39,26.434254257201268,3.6543521712701446,True
2004-02-17T14:52:39,27.163870737720433,3.6543521712701446,True
2004-02-17T15:02:39,26.547801423908638,3.6543521712701446,True
2004-02-17T15:12:39,27.806225952428107,3.6543521712701446,True
2004-02-17T15:22:39,23.778373991859937,3.6543521712701446,True
2004-02-17T15:32:39,27.712798874348884,3.6543521712701446,True
2004-02-17T15:42:39,25.923855546813034,3.6543521712701446,True
2004-02-17T15:52:39,25.024935417068047,3.6543521712701446,True
2004-02-17T16:02:39,26.171144339229986,3.6543521712701446,True
2004-02-17T16:12:39,25.173772679411478,3.6543521712701446,True
2004-02-17T16:22:39,24.753147760792483,3.6543521712701446,True
2004-02-17T16:32:39,22.32454443322536,3.6543521712701446,True
2004-02-17T16:42:39,21.618436150677717,3.6543521712701446,True
2004-02-17T16:52:39,22.7917948672158,3.6543521712701446,True
2004-02-17T17:02:39,22.316574089704904,3.6543521712701446,True
2004-02-17T17:12:39,19.991764936352894,3.6543521712701446,True
2004-02-17T17:22:39,20.5683501444984,3.6543521712701446,True
2004-02-17T17:32:39,20.475495494537398,3.6543521712701446,True
2004-02-17T17:42:39,18.66518399424788,3.6543521712701446,True
2004-02-17T17:52:39,17.850846113907252,3.6543521712701446,True
2004-02-17T18:02:39,16.406286404757683,3.6543521712701446,True
2004-02-17T18:12:39,16.659585988300964,3.6543521712701446,True
2004-02-17T18:22:39,16.810882135667317,3.6543521712701446,True
2004-02-17T18:32:39,17.881492417307175,3.6543521712701446,True
2004-02-17T18:42:39,16.491334603610134,3.6543521712701446,True
2004-02-17T18:52:39,16.707242139945915,3.6543521712701446,True
2004-02-17T19:02:39,16.420654064853625,3.6543521712701446,True
2004-02-17T19:12:39,16.355379753467137,3.6543521712701446,True
2004-02-17T19:22:39,15.55460201145038,3.6543521712701446,True
2004-02-17T19:32:39,14.97998258559188,3.6543521712701446,True
2004-02-17T19:42:39,14.78181900796547,3.6543521712701446,True
2004-02-17T19:52:39,16.50648761127441,3.6543521712701446,True
2004-02-17T20:02:39,14.957296901565858,3.6543521712701446,True
2004-02-17T20:12:39,14.919631766628235,3.6543521712701446,True
2004-02-17T20:22:39,14.010757507371482,3.6543521712701446,True
2004-02-17T20:32:39,14.89522785430757,3.6543521712701446,True
2004-02-17T20:42:39,12.744854065380709,3.6543521712701446,True
2004-02-17T20:52:39,14.815015237242111,3.6543521712701446,True
2004-02-17T21:02:39,13.856862000722607,3.6543521712701446,True
2004-02-17T21:12:39,13.176810223783656,3.6543521712701446,True
2004-02-17T21:22:39,13.057435671754407,3.6543521712701446,True
2004-02-17T21:32:39,14.026867910535488,3.6543521712701446,True
2004-02-17T21:42:39,12.410274513722454,3.6543521712701446,True
2004-02-17T21:52:39,14.87249252269048,3.6543521712701446,True
2004-02-17T22:02:39,12.846630435654138,3.6543521712701446,True
2004-02-17T22:12:39,12.758823710056307,3.6543521712701446,True
2004-02-17T22:22:39,13.874223805528649,3.6543521712701446,True
2004-02-17T22:32:39,13.740981499759934,3.6543521712701446,True
2004-02-17T22:42:39,14.266937754224951,3.6543521712701446,True
2004-02-17T22:52:39,15.164278164997707,3.6543521712701446,True
2004-02-17T23:02:39,14.955483432521925,3.6543521712701446,True
2004-02-17T23:12:39,13.760405484252711,3.6543521712701446,True
2004-02-17T23:22:39,14.956479440658264,3.6543521712701446,True
2004-02-17T23:32:39,13.04917682736923,3.6543521712701446,True
2004-02-17T23:42:39,14.15120799554282,3.6543521712701446,True
2004-02-17T23:52:39,15.04488869226706,3.6543521712701446,True
2004-02-18T00:02:39,14.110855529839984,3.6543521712701446,True
2004-02-18T00:12:39,14.785401587025884,3.6543521712701446,True
2004-02-18T00:22:39,14.095737287830765,3.6543521712701446,True
2004-02-18T00:32:39,16.15650328355116,3.6543521712701446,True
2004-02-18T00:42:39,14.856810282495017,3.6543521712701446,True
2004-02-18T00:52:39,15.599303221009734,3.6543521712701446,True
2004-02-18T01:02:39,16.00366029646367,3.6543521712701446,True
2004-02-18T01:12:39,17.45350879360448,3.6543521712701446,True
2004-02-18T01:22:39,14.504547707417752,3.6543521712701446,True
2004-02-18T01:32:39,15.53377614067901,3.6543521712701446,True
2004-02-18T01:42:39,14.267597203165518,3.6543521712701446,True
2004-02-18T01:52:39,15.373739215788563,3.6543521712701446,True
2004-02-18T02:02:39,14.77302607927359,3.6543521712701446,True
2004-02-18T02:12:39,15.097121843606327,3.6543521712701446,True
2004-02-18T02:22:39,15.41250553534076,3.6543521712701446,True
2004-02-18T02:32:39,15.978148977076941,3.6543521712701446,True
2004-02-18T02:42:39,16.985357398083334,3.6543521712701446,True
2004-02-18T02:52:39,15.438967462688387,3.6543521712701446,True
2004-02-18T03:02:39,17.04271010166262,3.6543521712701446,True
2004-02-18T03:12:39,17.743569776115347,3.6543521712701446,True
2004-02-18T03:22:39,16.379312182282547,3.6543521712701446,True
2004-02-18T03:32:39,16.98777695944194,3.6543521712701446,True
2004-02-18T03:42:39,25.037704910361757,3.6543521712701446,True
2004-02-18T03:52:39,26.283408840281428,3.6543521712701446,True
2004-02-18T04:02:39,25.797788164410427,3.6543521712701446,True
2004-02-18T04:12:39,27.985280236501122,3.6543521712701446,True
2004-02-18T04:22:39,25.622911868843886,3.6543521712701446,True
2004-02-18T04:32:39,28.43471927663305,3.6543521712701446,True
2004-02-18T04:42:39,29.426900398939157,3.6543521712701446,True
2004-02-18T04:52:39,27.70253321289408,3.6543521712701446,True
2004-02-18T05:02:39,30.27525988161052,3.6543521712701446,True
2004-02-18T05:12:39,29.738135921616642,3.6543521712701446,True
2004-02-18T05:22:39,31.196146452575128,3.6543521712701446,True
2004-02-18T05:32:39,29.40857614367177,3.6543521712701446,True
2004-02-18T05:42:39,32.592879712884056,3.6543521712701446,True
2004-02-18T05:52:39,32.1198413823263,3.6543521712701446,True
2004-02-18T06:02:39,34.572432640084,3.6543521712701446,True
2004-02-18T06:12:39,35.11590587551396,3.6543521712701446,True
2004-02-18T06:22:39,34.8924993034006,3.6543521712701446,True
2004-02-18T06:32:39,35.52530273693401,3.6543521712701446,True
2004-02-18T06:42:39,35.14083481892914,3.6543521712701446,True
2004-02-18T06:52:39,36.27899643244902,3.6543521712701446,True
2004-02-18T07:02:39,36.66281762813944,3.6543521712701446,True
2004-02-18T07:12:39,36.125157365099206,3.6543521712701446,True
2004-02-18T07:22:39,37.87721321262397,3.6543521712701446,True
2004-02-18T07:32:39,36.71308890117235,3.6543521712701446,True
2004-02-18T07:42:39,34.19806104848293,3.6543521712701446,True
2004-02-18T07:52:39,38.33473962291744,3.6543521712701446,True
2004-02-18T08:02:39,40.36647737444189,3.6543521712701446,True
2004-02-18T08:12:39,39.21179553827156,3.6543521712701446,True
2004-02-18T08:22:39,40.54543567342026,3.6543521712701446,True
2004-02-18T08:32:39,37.538918776697116,3.6543521712701446,True
2004-02-18T08:42:39,35.60293481988341,3.6543521712701446,True
2004-02-18T08:52:39,35.19753564668325,3.6543521712701446,True
2004-02-18T09:02:39,36.4221738195181,3.6543521712701446,True
2004-02-18T09:12:39,38.17365423955827,3.6543521712701446,True
2004-02-18T09:22:39,38.90433188551284,3.6543521712701446,True
2004-02-18T09:32:39,36.71312142691279,3.6543521712701446,True
2004-02-18T09:42:39,34.94254659852737,3.6543521712701446,True
2004-02-18T09:52:39,36.552858773837684,3.6543521712701446,True
2004-02-18T10:02:39,35.297826740528315,3.6543521712701446,True
2004-02-18T10:12:39,38.65877675020473,3.6543521712701446,True
2004-02-18T10:22:39,36.67235314340927,3.6543521712701446,True
2004-02-18T10:32:39,35.89392243399424,3.6543521712701446,True
2004-02-18T10:42:39,34.875334107248285,3.6543521712701446,True
2004-02-18T10:52:39,34.16745902745647,3.6543521712701446,True
2004-02-18T11:02:39,31.26388970084512,3.6543521712701446,True
2004-02-18T11:12:39,31.36045323459598,3.6543521712701446,True
2004-02-18T11:22:39,32.833351095860436,3.6543521712701446,True
2004-02-18T11:32:39,32.034638124553716,3.6543521712701446,True
2004-02-18T11:42:39,32.06407765643276,3.6543521712701446,True
2004-02-18T11:52:39,39.55735719841509,3.6543521712701446,True
2004-02-18T12:02:39,39.76531844604228,3.6543521712701446,True
2004-02-18T12:12:39,38.354414563118425,3.6543521712701446,True
2004-02-18T12:22:39,38.60156042988447,3.6543521712701446,True
2004-02-18T12:32:39,38.18535472622952,3.6543521712701446,True
2004-02-18T12:42:39,36.25541504134091,3.6543521712701446,True
2004-02-18T12:52:39,35.4554848611018,3.6543521712701446,True
2004-02-18T13:02:39,36.092131087021826,3.6543521712701446,True
2004-02-18T13:12:39,37.74641317424947,3.6543521712701446,True
2004-02-18T13:22:39,36.19163347337441,3.6543521712701446,True
2004-02-18T13:32:39,36.168194676686696,3.6543521712701446,True
2004-02-18T13:42:39,37.04487176599835,3.6543521712701446,True
2004-02-18T13:52:39,38.12518795402615,3.6543521712701446,True
2004-02-18T14:02:39,38.38175074879688,3.6543521712701446,True
2004-02-18T14:12:39,39.14707221872831,3.6543521712701446,True
2004-02-18T14:22:39,39.03063486286094,3.6543521712701446,True
2004-02-18T14:32:39,38.178543014892256,3.6543521712701446,True
2004-02-18T14:42:39,43.06814819651959,3.6543521712701446,True
2004-02-18T14:52:39,39.646885982376766,3.6543521712701446,True
2004-02-18T15:02:39,34.34617729241882,3.6543521712701446,True
2004-02-18T15:12:39,34.705750167172965,3.6543521712701446,True
2004-02-18T15:22:39,33.250998946803016,3.6543521712701446,True
2004-02-18T15:32:39,31.617538384711718,3.6543521712701446,True
2004-02-18T15:42:39,31.2115121075472,3.6543521712701446,True
2004-02-18T15:52:39,30.822139790414695,3.6543521712701446,True
2004-02-18T16:02:39,29.60152317158306,3.6543521712701446,True
2004-02-18T16:12:39,30.46762699443403,3.6543521712701446,True
2004-02-18T16:22:39,29.646719885118642,3.6543521712701446,True
2004-02-18T16:32:39,29.414600088002082,3.6543521712701446,True
2004-02-18T16:42:39,33.6978912302066,3.6543521712701446,True
2004-02-18T16:52:39,34.145616892677815,3.6543521712701446,True
2004-02-18T17:02:39,39.61631249338395,3.6543521712701446,True
2004-02-18T17:12:39,40.88714626556199,3.6543521712701446,True
2004-02-18T17:22:39,46.559764781926205,3.6543521712701446,True
2004-02-18T17:32:39,51.89638189795086,3.6543521712701446,True
2004-02-18T17:42:39,51.389121470144815,3.6543521712701446,True
2004-02-18T17:52:39,53.812679084558994,3.6543521712701446,True
2004-02-18T18:02:39,52.976087753791475,3.6543521712701446,True
2004-02-18T18:12:39,50.2952739341656,3.6543521712701446,True
2004-02-18T18:22:39,46.75654990730839,3.6543521712701446,True
2004-02-18T18:32:39,51.162132777330314,3.6543521712701446,True
2004-02-18T18:42:39,50.30212539125771,3.6543521712701446,True
2004-02-18T18:52:39,52.166378770861535,3.6543521712701446,True
2004-02-18T19:02:39,58.41346250859816,3.6543521712701446,True
2004-02-18T19:12:39,54.66750788903313,3.6543521712701446,True
2004-02-18T19:22:39,53.818739326570025,3.6543521712701446,True
2004-02-18T19:32:39,54.752867799915485,3.6543521712701446,True
2004-02-18T19:42:39,54.33746777014881,3.6543521712701446,True
2004-02-18T19:52:39,57.75986035770975,3.6543521712701446,True
2004-02-18T20:02:39,57.928770561193566,3.6543521712701446,True
2004-02-18T20:12:39,65.0804808217434,3.6543521712701446,True
2004-02-18T20:22:39,65.60769999817617,3.6543521712701446,True
2004-02-18T20:32:39,62.90005131814684,3.6543521712701446,True
2004-02-18T20:42:39,62.737883648565685,3.6543521712701446,True
2004-02-18T20:52:39,59.224503512731324,3.6543521712701446,True
2004-02-18T21:02:39,54.138323708513184,3.6543521712701446,True
2004-02-18T21:12:39,58.85652683995251,3.6543521712701446,True
2004-02-18T21:22:39,65.21882711973639,3.6543521712701446,True
2004-02-18T21:32:39,58.176707274028686,3.6543521712701446,True
2004-02-18T21:42:39,64.1197509677916,3.6543521712701446,True
2004-02-18T21:52:39,68.72029617397833,3.6543521712701446,True
2004-02-18T22:02:39,71.82405577977543,3.6543521712701446,True
2004-02-18T22:12:39,78.66379271002052,3.6543521712701446,True
2004-02-18T22:22:39,95.93062860379986,3.6543521712701446,True
2004-02-18T22:32:39,74.07330063966971,3.6543521712701446,True
2004-02-18T22:42:39,76.73817546275244,3.6543521712701446,True
2004-02-18T22:52:39,78.80401646776242,3.6543521712701446,True
2004-02-18T23:02:39,64.9758758637865,3.6543521712701446,True
2004-02-18T23:12:39,65.27658019748519,3.6543521712701446,True
2004-02-18T23:22:39,70.22830387626314,3.6543521712701446,True
2004-02-18T23:32:39,69.83328844244507,3.6543521712701446,True
2004-02-18T23:42:39,81.48133098271221,3.6543521712701446,True
2004-02-18T23:52:39,76.42075922125109,3.6543521712701446,True
2004-02-19T00:02:39,85.54631983246364,3.6543521712701446,True
2004-02-19T00:12:39,78.55313308540576,3.6543521712701446,True
2004-02-19T00:22:39,69.72673963682463,3.6543521712701446,True
2004-02-19T00:32:39,64.60332176029235,3.6543521712701446,True
2004-02-19T00:42:39,64.35103456015719,3.6543521712701446,True
2004-02-19T00:52:39,80.65486740358492,3.6543521712701446,True
2004-02-19T01:02:39,96.93981900630277,3.6543521712701446,True
2004-02-19T01:12:39,104.7976220074429,3.6543521712701446,True
2004-02-19T01:22:39,85.93727985129973,3.6543521712701446,True
2004-02-19T01:32:39,101.52337713697374,3.6543521712701446,True
2004-02-19T01:42:39,82.1216182503003,3.6543521712701446,True
2004-02-19T01:52:39,92.94680995378678,3.6543521712701446,True
2004-02-19T02:02:39,84.67127930294177,3.6543521712701446,True
2004-02-19T02:12:39,112.32222261755301,3.6543521712701446,True
2004-02-19T02:22:39,85.0222336274117,3.6543521712701446,True
2004-02-19T02:32:39,109.69043220239263,3.6543521712701446,True
2004-02-19T02:42:39,134.89376486690824,3.6543521712701446,True
2004-02-19T02:52:39,125.87091547838827,3.6543521712701446,True
2004-02-19T03:02:39,104.77867215191945,3.6543521712701446,True
2004-02-19T03:12:39,105.92866746457867,3.6543521712701446,True
2004-02-19T03:22:39,144.44322899762793,3.6543521712701446,True
2004-02-19T03:32:39,147.56148600033563,3.6543521712701446,True
2004-02-19T03:42:39,174.48042020318442,3.6543521712701446,True
2004-02-19T03:52:39,149.1595723045137,3.6543521712701446,True
2004-02-19T04:02:39,159.74145107900057,3.6543521712701446,True
2004-02-19T04:12:39,188.45561948206895,3.6543521712701446,True
2004-02-19T04:22:39,205.0132191748243,3.6543521712701446,True
2004-02-19T04:32:39,187.65571474790127,3.6543521712701446,True
2004-02-19T04:42:39,149.67303807649094,3.6543521712701446,True
2004-02-19T04:52:39,212.8471072181068,3.6543521712701446,True
2004-02-19T05:02:39,244.5045418042215,3.6543521712701446,True
2004-02-19T05:12:39,227.14229856432752,3.6543521712701446,True
2004-02-19T05:22:39,229.38019881280675,3.6543521712701446,True
2004-02-19T05:32:39,211.3041491772232,3.6543521712701446,True
2004-02-19T05:42:39,292.2908389621542,3.6543521712701446,True
2004-02-19T05:52:39,197.4642216223486,3.6543521712701446,True
2004-02-19T06:02:39,219.9403953946772,3.6543521712701446,True
2004-02-19T06:12:39,102.01814252819118,3.6543521712701446,True
2004-02-19T06:22:39,103.34590168921265,3.6543521712701446,True
