timestamp,bearing 1,bearing 2,bearing 3,bearing 4
2004-02-12T10:32:39Z,0.058333,0.071832,0.083244,0.043066
2004-02-12T10:42:39Z,0.058997,0.074008,0.084439,0.044541
2004-02-12T10:52:39Z,0.06024,0.074224,0.083922,0.044443
2004-02-12T11:02:39Z,0.061454,0.073843,0.084462,0.045082
2004-02-12T11:12:39Z,0.061361,0.075607,0.082837,0.045119
2004-02-12T11:22:39Z,0.061669,0.073281,0.084886,0.044172
2004-02-12T11:32:39Z,0.061944,0.074593,0.082623,0.044659
2004-02-12T11:42:39Z,0.061232,0.074171,0.082021,0.043841
2004-02-12T11:52:39Z,0.062282,0.075808,0.084373,0.044275
2004-02-12T12:02:39Z,0.059893,0.075117,0.084504,0.043973
2004-02-12T12:12:39Z,0.06237,0.075507,0.082237,0.044171
2004-02-12T12:22:39Z,0.060838,0.074649,0.080554,0.043606
2004-02-12T12:32:39Z,0.061092,0.07483,0.080786,0.043524
2004-02-12T12:42:39Z,0.062604,0.075492,0.080622,0.044679
2004-02-12T12:52:39Z,0.062342,0.075604,0.080395,0.044248
2004-02-12T13:02:39Z,0.061631,0.075282,0.081002,0.044688
2004-02-12T13:12:39Z,0.061884,0.075994,0.083308,0.044553
2004-02-12T13:22:39Z,0.061245,0.074035,0.080163,0.043483
2004-02-12T13:32:39Z,0.061475,0.075331,0.081759,0.044157
2004-02-12T13:42:39Z,0.061843,0.075818,0.081509,0.043555
2004-02-12T13:52:39Z,0.062212,0.075919,0.080892,0.043927
2004-02-12T14:02:39Z,0.062624,0.076409,0.082298,0.043765
2004-02-12T14:12:39Z,0.062513,0.074906,0.08181,0.043431
2004-02-12T14:22:39Z,0.062604,0.076511,0.081138,0.045043
2004-02-12T14:32:39Z,0.062448,0.076648,0.083573,0.044518
2004-02-12T14:42:39Z,0.061329,0.075148,0.082571,0.044145
2004-02-12T14:52:39Z,0.06145,0.076666,0.080874,0.043867
2004-02-12T15:02:39Z,0.061289,0.075562,0.082175,0.04418
2004-02-12T15:12:39Z,0.061904,0.075154,0.082514,0.043845
2004-02-12T15:22:39Z,0.06189,0.075881,0.080265,0.043737
2004-02-12T15:32:39Z,0.061727,0.075647,0.081357,0.043281
2004-02-12T15:42:39Z,0.063208,0.075515,0.08135,0.045093
2004-02-12T15:52:39Z,0.060692,0.076115,0.08007,0.044031
2004-02-12T16:02:39Z,0.062274,0.076441,0.082005,0.044523
2004-02-12T16:12:39Z,0.061526,0.077322,0.083417,0.044208
2004-02-12T16:22:39Z,0.061506,0.07581,0.079354,0.044174
2004-02-12T16:32:39Z,0.060629,0.076186,0.08224,0.044369
2004-02-12T16:42:39Z,0.062686,0.076528,0.081331,0.04479
2004-02-12T16:52:39Z,0.061219,0.075748,0.082367,0.044383
2004-02-12T17:02:39Z,0.061415,0.076755,0.081679,0.045033
2004-02-12T17:12:39Z,0.061578,0.077016,0.081989,0.044674
2004-02-12T17:22:39Z,0.061916,0.075828,0.081084,0.044195
2004-02-12T17:32:39Z,0.061148,0.075492,0.079662,0.043656
2004-02-12T17:42:39Z,0.061458,0.075107,0.078588,0.04421
2004-02-12T17:52:39Z,0.061382,0.076711,0.081845,0.043971
2004-02-12T18:02:39Z,0.060116,0.07535,0.081259,0.044296
2004-02-12T18:12:39Z,0.062268,0.076083,0.082186,0.044437
2004-02-12T18:22:39Z,0.060796,0.074915,0.082784,0.044285
2004-02-12T18:32:39Z,0.061785,0.076345,0.081283,0.044677
2004-02-12T18:42:39Z,0.060626,0.074741,0.079505,0.043784
2004-02-12T18:52:39Z,0.061514,0.076693,0.081017,0.044542
2004-02-12T19:02:39Z,0.061634,0.076289,0.080076,0.0447
2004-02-12T19:12:39Z,0.062392,0.075972,0.080209,0.043932
2004-02-12T19:22:39Z,0.060579,0.076139,0.079994,0.045379
2004-02-12T19:32:39Z,0.060348,0.074787,0.081324,0.043913
2004-02-12T19:42:39Z,0.06146,0.076209,0.081615,0.044706
2004-02-12T19:52:39Z,0.060921,0.076059,0.080234,0.04387
2004-02-12T20:02:39Z,0.060965,0.075277,0.079479,0.04313
2004-02-12T20:12:39Z,0.0602,0.074813,0.079349,0.042925
2004-02-12T20:22:39Z,0.061615,0.076988,0.081461,0.043106
2004-02-12T20:32:39Z,0.062091,0.075837,0.080928,0.044376
2004-02-12T20:42:39Z,0.060783,0.075891,0.081367,0.043354
2004-02-12T20:52:39Z,0.062265,0.075716,0.081276,0.045161
2004-02-12T21:02:39Z,0.060655,0.076351,0.079167,0.044338
2004-02-12T21:12:39Z,0.060837,0.07515,0.080728,0.043989
2004-02-12T21:22:39Z,0.060681,0.076043,0.079277,0.044347
2004-02-12T21:32:39Z,0.060813,0.076168,0.081372,0.043724
2004-02-12T21:42:39Z,0.060512,0.07613,0.080503,0.043659
2004-02-12T21:52:39Z,0.060514,0.076327,0.080492,0.043179
2004-02-12T22:02:39Z,0.060747,0.076049,0.080589,0.044359
2004-02-12T22:12:39Z,0.0594,0.074862,0.07983,0.044025
2004-02-12T22:22:39Z,0.060529,0.076733,0.081935,0.044245
2004-02-12T22:32:39Z,0.060771,0.075724,0.080634,0.045052
2004-02-12T22:42:39Z,0.061741,0.077804,0.08116,0.044402
2004-02-12T22:52:39Z,0.061894,0.076975,0.081866,0.044711
2004-02-12T23:02:39Z,0.061243,0.075462,0.079192,0.04468
2004-02-12T23:12:39Z,0.06041,0.076733,0.080578,0.044154
2004-02-12T23:22:39Z,0.061593,0.076023,0.080132,0.043753
2004-02-12T23:32:39Z,0.060022,0.075042,0.077044,0.043952
2004-02-12T23:42:39Z,0.060836,0.076332,0.082315,0.044579
2004-02-12T23:52:39Z,0.060486,0.074878,0.081005,0.043371
2004-02-13T00:02:39Z,0.059132,0.074978,0.079529,0.044441
2004-02-13T00:12:39Z,0.060681,0.075668,0.079936,0.044063
2004-02-13T00:22:39Z,0.060733,0.074541,0.077846,0.044543
2004-02-13T00:32:39Z,0.061103,0.076386,0.078024,0.043666
2004-02-13T00:42:39Z,0.060748,0.075226,0.078773,0.04458
2004-02-13T00:52:39Z,0.060913,0.07495,0.078955,0.043509
2004-02-13T01:02:39Z,0.058881,0.074508,0.078519,0.044344
2004-02-13T01:12:39Z,0.060841,0.076191,0.081012,0.044847
2004-02-13T01:22:39Z,0.061194,0.075769,0.081815,0.043843
2004-02-13T01:32:39Z,0.062056,0.075661,0.07987,0.043573
2004-02-13T01:42:39Z,0.060058,0.075266,0.08102,0.044224
2004-02-13T01:52:39Z,0.060577,0.075366,0.081693,0.043525
2004-02-13T02:02:39Z,0.05936,0.075015,0.078929,0.044105
2004-02-13T02:12:39Z,0.061483,0.075774,0.081105,0.043934
2004-02-13T02:22:39Z,0.06068,0.076051,0.079105,0.044019
2004-02-13T02:32:39Z,0.061475,0.075945,0.079982,0.044493
2004-02-13T02:42:39Z,0.06037,0.076399,0.079263,0.044409
2004-02-13T02:52:39Z,0.061073,0.075495,0.078221,0.044878
2004-02-13T03:02:39Z,0.059843,0.075834,0.079184,0.044273
2004-02-13T03:12:39Z,0.061092,0.075343,0.079444,0.043947
2004-02-13T03:22:39Z,0.060355,0.075732,0.07927,0.044437
2004-02-13T03:32:39Z,0.06018,0.075855,0.079969,0.043998
2004-02-13T03:42:39Z,0.060263,0.076662,0.07849,0.044152
2004-02-13T03:52:39Z,0.060678,0.075924,0.078545,0.044215
2004-02-13T04:02:39Z,0.061194,0.076425,0.079673,0.044617
2004-02-13T04:12:39Z,0.060405,0.075357,0.078925,0.043874
2004-02-13T04:22:39Z,0.059835,0.075745,0.080421,0.043633
2004-02-13T04:32:39Z,0.059874,0.075294,0.07885,0.043906
2004-02-13T04:42:39Z,0.061043,0.075411,0.07981,0.044985
2004-02-13T04:52:39Z,0.060099,0.07588,0.079282,0.044056
2004-02-13T05:02:39Z,0.060138,0.074229,0.07923,0.043627
2004-02-13T05:12:39Z,0.061295,0.076605,0.081795,0.045007
2004-02-13T05:22:39Z,0.05983,0.075426,0.079466,0.043983
2004-02-13T05:32:39Z,0.06035,0.076157,0.078182,0.043505
2004-02-13T05:42:39Z,0.059496,0.074742,0.079674,0.044068
2004-02-13T05:52:39Z,0.062272,0.075675,0.080641,0.044514
2004-02-13T06:02:39Z,0.060694,0.075515,0.080986,0.04385
2004-02-13T06:12:39Z,0.061147,0.077024,0.079853,0.044785
2004-02-13T06:22:39Z,0.060678,0.075371,0.080427,0.044109
2004-02-13T06:32:39Z,0.06059,0.076097,0.078058,0.044237
2004-02-13T06:42:39Z,0.061254,0.076068,0.080877,0.043199
2004-02-13T06:52:39Z,0.061406,0.07517,0.08102,0.044217
2004-02-13T07:02:39Z,0.062208,0.076138,0.07912,0.04429
2004-02-13T07:12:39Z,0.060343,0.074355,0.079493,0.043419
2004-02-13T07:22:39Z,0.060596,0.076829,0.079294,0.043698
2004-02-13T07:32:39Z,0.060214,0.075106,0.078211,0.043058
2004-02-13T07:42:39Z,0.059977,0.075094,0.07921,0.043934
2004-02-13T07:52:39Z,0.060207,0.075327,0.079372,0.044306
2004-02-13T08:02:39Z,0.059259,0.074936,0.078028,0.043768
2004-02-13T08:12:39Z,0.060105,0.07615,0.081128,0.043833
2004-02-13T08:22:39Z,0.059884,0.07546,0.081519,0.043974
2004-02-13T08:32:39Z,0.060053,0.075006,0.079031,0.043598
2004-02-13T08:42:39Z,0.060549,0.075629,0.082041,0.043511
2004-02-13T08:52:39Z,0.06101,0.076224,0.080195,0.044107
2004-02-13T09:02:39Z,0.061488,0.075246,0.080922,0.043601
2004-02-13T09:12:39Z,0.061329,0.076667,0.08046,0.044434
2004-02-13T09:22:39Z,0.06015,0.076113,0.079764,0.043993
2004-02-13T09:32:39Z,0.061197,0.076722,0.080068,0.044656
2004-02-13T09:42:39Z,0.059393,0.075563,0.077146,0.04284
2004-02-13T09:52:39Z,0.060438,0.075841,0.07773,0.043919
2004-02-13T10:02:39Z,0.060984,0.075779,0.079886,0.044016
2004-02-13T10:12:39Z,0.060269,0.075714,0.080099,0.044154
2004-02-13T10:22:39Z,0.060637,0.07651,0.080953,0.043819
2004-02-13T10:32:39Z,0.05984,0.07508,0.08053,0.043947
2004-02-13T10:42:39Z,0.059757,0.076624,0.082401,0.043658
2004-02-13T10:52:39Z,0.060065,0.075802,0.079544,0.043695
2004-02-13T11:02:39Z,0.059674,0.075937,0.078586,0.044979
2004-02-13T11:12:39Z,0.059918,0.074877,0.077994,0.043644
2004-02-13T11:22:39Z,0.060455,0.076068,0.079682,0.043469
2004-02-13T11:32:39Z,0.059074,0.075135,0.078089,0.043892
2004-02-13T11:42:39Z,0.061994,0.075433,0.08012,0.04446
2004-02-13T11:52:39Z,0.060448,0.076248,0.079512,0.043844
2004-02-13T12:02:39Z,0.060252,0.075753,0.08078,0.044867
2004-02-13T12:12:39Z,0.060386,0.07533,0.078783,0.04378
2004-02-13T12:22:39Z,0.061079,0.075123,0.077513,0.043423
2004-02-13T12:32:39Z,0.061373,0.076863,0.081695,0.044476
2004-02-13T12:42:39Z,0.062011,0.076154,0.077539,0.043978
2004-02-13T12:52:39Z,0.060472,0.074789,0.079498,0.043397
2004-02-13T13:02:39Z,0.060985,0.075508,0.079217,0.043798
2004-02-13T13:12:39Z,0.060282,0.07527,0.07783,0.0444
2004-02-13T13:22:39Z,0.061897,0.076695,0.079403,0.044191
2004-02-13T13:32:39Z,0.060446,0.075192,0.077114,0.044301
2004-02-13T13:42:39Z,0.060857,0.076334,0.080895,0.043894
2004-02-13T13:52:39Z,0.060013,0.075302,0.076591,0.043451
2004-02-13T14:02:39Z,0.061263,0.075491,0.078893,0.042975
2004-02-13T14:12:39Z,0.060607,0.075922,0.079821,0.043911
2004-02-13T14:22:39Z,0.061084,0.076091,0.079826,0.043898
2004-02-13T14:32:39Z,0.061344,0.075988,0.078909,0.044307
2004-02-13T14:42:39Z,0.06114,0.076679,0.079097,0.044933
2004-02-13T14:52:39Z,0.060456,0.0748,0.077604,0.043136
2004-02-13T15:02:39Z,0.06176,0.075513,0.078775,0.043684
2004-02-13T15:12:39Z,0.06003,0.075345,0.077086,0.043553
2004-02-13T15:22:39Z,0.0596,0.075505,0.077681,0.043052
2004-02-13T15:32:39Z,0.060475,0.075148,0.076869,0.044095
2004-02-13T15:42:39Z,0.05973,0.075848,0.078287,0.04395
2004-02-13T15:52:39Z,0.061591,0.075971,0.078094,0.043983
2004-02-13T16:02:39Z,0.059643,0.075341,0.077927,0.043997
2004-02-13T16:12:39Z,0.059425,0.074961,0.077726,0.044446
2004-02-13T16:22:39Z,0.060487,0.075057,0.075988,0.043839
2004-02-13T16:32:39Z,0.060228,0.07526,0.077163,0.043581
2004-02-13T16:42:39Z,0.060191,0.075538,0.079712,0.043949
2004-02-13T16:52:39Z,0.059486,0.074593,0.077192,0.043132
2004-02-13T17:02:39Z,0.061541,0.075491,0.079127,0.044158
2004-02-13T17:12:39Z,0.060073,0.075656,0.079824,0.043457
2004-02-13T17:22:39Z,0.061409,0.075826,0.078579,0.044126
2004-02-13T17:32:39Z,0.060335,0.075846,0.081019,0.044062
2004-02-13T17:42:39Z,0.06182,0.075874,0.078945,0.04566
2004-02-13T17:52:39Z,0.059262,0.074926,0.076827,0.043551
2004-02-13T18:02:39Z,0.060584,0.07573,0.077699,0.044302
2004-02-13T18:12:39Z,0.059596,0.075079,0.077059,0.042942
2004-02-13T18:22:39Z,0.06156,0.074947,0.079189,0.044726
2004-02-13T18:32:39Z,0.061171,0.075275,0.076717,0.044381
2004-02-13T18:42:39Z,0.060976,0.075335,0.076531,0.044207
2004-02-13T18:52:39Z,0.06146,0.075422,0.080225,0.044672
2004-02-13T19:02:39Z,0.060093,0.075857,0.07878,0.044408
2004-02-13T19:12:39Z,0.059944,0.075792,0.080976,0.043323
2004-02-13T19:22:39Z,0.059245,0.073902,0.078509,0.042875
2004-02-13T19:32:39Z,0.060383,0.075941,0.078677,0.044088
2004-02-13T19:42:39Z,0.060474,0.074897,0.077739,0.044248
2004-02-13T19:52:39Z,0.062167,0.07611,0.079563,0.043988
2004-02-13T20:02:39Z,0.060529,0.074894,0.077815,0.044085
2004-02-13T20:12:39Z,0.060185,0.075952,0.079372,0.043325
2004-02-13T20:22:39Z,0.060939,0.075689,0.079279,0.04449
2004-02-13T20:32:39Z,0.059733,0.074365,0.078052,0.04424
2004-02-13T20:42:39Z,0.059665,0.075206,0.077323,0.043513
2004-02-13T20:52:39Z,0.059739,0.074568,0.077853,0.043919
2004-02-13T21:02:39Z,0.060895,0.075871,0.077168,0.044326
2004-02-13T21:12:39Z,0.060447,0.076086,0.077555,0.044855
2004-02-13T21:22:39Z,0.060672,0.073892,0.075866,0.04314
2004-02-13T21:32:39Z,0.059935,0.073886,0.077226,0.043315
2004-02-13T21:42:39Z,0.061669,0.075874,0.078941,0.044815
2004-02-13T21:52:39Z,0.060855,0.075413,0.079641,0.044141
2004-02-13T22:02:39Z,0.060808,0.074722,0.078544,0.042949
2004-02-13T22:12:39Z,0.061981,0.075919,0.080549,0.044801
2004-02-13T22:22:39Z,0.061028,0.075026,0.0784,0.044765
2004-02-13T22:32:39Z,0.060549,0.075247,0.077229,0.044764
2004-02-13T22:42:39Z,0.06129,0.075495,0.079614,0.044078
2004-02-13T22:52:39Z,0.06118,0.074688,0.077206,0.044076
2004-02-13T23:02:39Z,0.061739,0.075791,0.078435,0.04443
2004-02-13T23:12:39Z,0.061185,0.074756,0.076655,0.043782
2004-02-13T23:22:39Z,0.060833,0.074841,0.077788,0.044091
2004-02-13T23:32:39Z,0.05983,0.074892,0.077782,0.043487
2004-02-13T23:42:39Z,0.061068,0.074636,0.077966,0.043448
2004-02-13T23:52:39Z,0.061003,0.074127,0.078171,0.043683
2004-02-14T00:02:39Z,0.060414,0.074309,0.078069,0.044043
2004-02-14T00:12:39Z,0.059962,0.074678,0.077953,0.043558
2004-02-14T00:22:39Z,0.060194,0.074982,0.077626,0.044559
2004-02-14T00:32:39Z,0.061524,0.075551,0.077332,0.043914
2004-02-14T00:42:39Z,0.061169,0.075461,0.078992,0.044505
2004-02-14T00:52:39Z,0.060856,0.075051,0.076067,0.04469
2004-02-14T01:02:39Z,0.061242,0.074749,0.079082,0.045278
2004-02-14T01:12:39Z,0.060007,0.075069,0.075199,0.043817
2004-02-14T01:22:39Z,0.061501,0.075199,0.078563,0.045407
2004-02-14T01:32:39Z,0.060512,0.075356,0.076395,0.043386
2004-02-14T01:42:39Z,0.061435,0.074778,0.076511,0.044048
2004-02-14T01:52:39Z,0.061868,0.075021,0.079235,0.043857
2004-02-14T02:02:39Z,0.061621,0.075596,0.07745,0.044054
2004-02-14T02:12:39Z,0.060886,0.07513,0.077925,0.044744
2004-02-14T02:22:39Z,0.060745,0.074669,0.077511,0.043935
2004-02-14T02:32:39Z,0.061349,0.074798,0.077162,0.043667
2004-02-14T02:42:39Z,0.060208,0.073752,0.077859,0.04397
2004-02-14T02:52:39Z,0.060879,0.07506,0.080038,0.045152
2004-02-14T03:02:39Z,0.059486,0.074018,0.076059,0.043872
2004-02-14T03:12:39Z,0.060625,0.075965,0.077001,0.043997
2004-02-14T03:22:39Z,0.061269,0.075373,0.079684,0.044421
2004-02-14T03:32:39Z,0.059716,0.075556,0.080258,0.044596
2004-02-14T03:42:39Z,0.060783,0.075281,0.076982,0.044791
2004-02-14T03:52:39Z,0.060065,0.074863,0.080951,0.044785
2004-02-14T04:02:39Z,0.060133,0.076038,0.077884,0.044473
2004-02-14T04:12:39Z,0.059833,0.074481,0.076453,0.043975
2004-02-14T04:22:39Z,0.059943,0.075703,0.076839,0.04433
2004-02-14T04:32:39Z,0.061769,0.075206,0.078289,0.043909
2004-02-14T04:42:39Z,0.060618,0.074762,0.077772,0.043843
2004-02-14T04:52:39Z,0.060334,0.074928,0.078386,0.044327
2004-02-14T05:02:39Z,0.060552,0.075571,0.078127,0.044466
2004-02-14T05:12:39Z,0.060467,0.075523,0.077232,0.044005
2004-02-14T05:22:39Z,0.060804,0.075408,0.077551,0.044788
2004-02-14T05:32:39Z,0.059503,0.074155,0.076557,0.043589
2004-02-14T05:42:39Z,0.061729,0.076191,0.078904,0.043793
2004-02-14T05:52:39Z,0.061144,0.075474,0.077748,0.044416
2004-02-14T06:02:39Z,0.061067,0.07541,0.077122,0.043942
2004-02-14T06:12:39Z,0.061124,0.074496,0.07776,0.044274
2004-02-14T06:22:39Z,0.059736,0.073983,0.078686,0.043221
2004-02-14T06:32:39Z,0.059893,0.075132,0.077931,0.043523
2004-02-14T06:42:39Z,0.061934,0.074398,0.078376,0.044061
2004-02-14T06:52:39Z,0.061505,0.075127,0.076554,0.043809
2004-02-14T07:02:39Z,0.06125,0.075462,0.078434,0.044722
2004-02-14T07:12:39Z,0.061625,0.074914,0.07958,0.04395
2004-02-14T07:22:39Z,0.059834,0.075045,0.07857,0.043932
2004-02-14T07:32:39Z,0.060171,0.074792,0.077265,0.044604
2004-02-14T07:42:39Z,0.061062,0.074867,0.077515,0.0432
2004-02-14T07:52:39Z,0.061518,0.074749,0.076309,0.0449
2004-02-14T08:02:39Z,0.060234,0.074953,0.077158,0.0438
2004-02-14T08:12:39Z,0.061497,0.074624,0.078985,0.044157
2004-02-14T08:22:39Z,0.061528,0.074922,0.077549,0.044626
2004-02-14T08:32:39Z,0.062093,0.074997,0.0778,0.044118
2004-02-14T08:42:39Z,0.060526,0.074626,0.075941,0.043777
2004-02-14T08:52:39Z,0.061784,0.074485,0.076533,0.044126
2004-02-14T09:02:39Z,0.060193,0.074239,0.074968,0.043919
2004-02-14T09:12:39Z,0.061219,0.074874,0.07678,0.043949
2004-02-14T09:22:39Z,0.060751,0.073947,0.077765,0.043907
2004-02-14T09:32:39Z,0.060482,0.072823,0.077332,0.04343
2004-02-14T09:42:39Z,0.06114,0.07424,0.078565,0.043569
2004-02-14T09:52:39Z,0.061594,0.07506,0.077101,0.04442
2004-02-14T10:02:39Z,0.05992,0.074072,0.075821,0.043872
2004-02-14T10:12:39Z,0.060995,0.075732,0.077634,0.043548
2004-02-14T10:22:39Z,0.059914,0.073965,0.076581,0.043573
2004-02-14T10:32:39Z,0.060802,0.075748,0.078172,0.044194
2004-02-14T10:42:39Z,0.060124,0.074332,0.075874,0.043824
2004-02-14T10:52:39Z,0.060858,0.075783,0.076552,0.044391
2004-02-14T11:02:39Z,0.060175,0.07369,0.07877,0.044276
2004-02-14T11:12:39Z,0.061316,0.075161,0.080282,0.045105
2004-02-14T11:22:39Z,0.060546,0.074584,0.081145,0.045276
2004-02-14T11:32:39Z,0.061404,0.075105,0.077774,0.044762
2004-02-14T11:42:39Z,0.060311,0.074152,0.077887,0.044625
2004-02-14T11:52:39Z,0.06176,0.074259,0.0779,0.044648
2004-02-14T12:02:39Z,0.060994,0.075593,0.081577,0.04397
2004-02-14T12:12:39Z,0.060787,0.075125,0.078856,0.045052
2004-02-14T12:22:39Z,0.061415,0.074615,0.078021,0.043867
2004-02-14T12:32:39Z,0.062449,0.075294,0.078125,0.044413
2004-02-14T12:42:39Z,0.05946,0.074923,0.078872,0.043691
2004-02-14T12:52:39Z,0.060736,0.074114,0.076913,0.044585
2004-02-14T13:02:39Z,0.059925,0.07451,0.077862,0.043508
2004-02-14T13:12:39Z,0.061841,0.074274,0.077315,0.044161
2004-02-14T13:22:39Z,0.060686,0.074054,0.07536,0.044245
2004-02-14T13:32:39Z,0.061265,0.074342,0.075918,0.044145
2004-02-14T13:42:39Z,0.060816,0.075341,0.076935,0.043966
2004-02-14T13:52:39Z,0.059997,0.073718,0.07647,0.044025
2004-02-14T14:02:39Z,0.061104,0.074583,0.07541,0.044968
2004-02-14T14:12:39Z,0.061576,0.075981,0.079003,0.044229
2004-02-14T14:22:39Z,0.062032,0.075797,0.078471,0.044365
2004-02-14T14:32:39Z,0.061578,0.074334,0.074244,0.043742
2004-02-14T14:42:39Z,0.060447,0.074341,0.075149,0.044548
2004-02-14T14:52:39Z,0.06139,0.074832,0.077115,0.044204
2004-02-14T15:02:39Z,0.060816,0.074033,0.077294,0.043105
2004-02-14T15:12:39Z,0.061809,0.074701,0.076394,0.043784
2004-02-14T15:22:39Z,0.060155,0.07388,0.077367,0.043659
2004-02-14T15:32:39Z,0.060739,0.074438,0.077056,0.0438
2004-02-14T15:42:39Z,0.060312,0.074332,0.075736,0.043265
2004-02-14T15:52:39Z,0.061463,0.074506,0.077542,0.043936
2004-02-14T16:02:39Z,0.06159,0.073373,0.077567,0.044078
2004-02-14T16:12:39Z,0.060126,0.0756,0.076105,0.044312
2004-02-14T16:22:39Z,0.061397,0.074134,0.076721,0.044131
2004-02-14T16:32:39Z,0.061448,0.075152,0.077242,0.043968
2004-02-14T16:42:39Z,0.060298,0.074452,0.077383,0.043868
2004-02-14T16:52:39Z,0.061689,0.075252,0.076325,0.043966
2004-02-14T17:02:39Z,0.059889,0.0739,0.078549,0.044594
2004-02-14T17:12:39Z,0.061402,0.075277,0.077837,0.043999
2004-02-14T17:22:39Z,0.061595,0.075004,0.076359,0.043878
2004-02-14T17:32:39Z,0.061065,0.074206,0.076612,0.044147
2004-02-14T17:42:39Z,0.060349,0.074655,0.077449,0.043887
2004-02-14T17:52:39Z,0.059198,0.07445,0.075756,0.044504
2004-02-14T18:02:39Z,0.059458,0.074066,0.075277,0.043645
2004-02-14T18:12:39Z,0.060334,0.074161,0.077071,0.043113
2004-02-14T18:22:39Z,0.061314,0.074533,0.076309,0.043954
2004-02-14T18:32:39Z,0.059259,0.074717,0.076416,0.044203
2004-02-14T18:42:39Z,0.062382,0.075517,0.077917,0.044349
2004-02-14T18:52:39Z,0.061404,0.074778,0.077779,0.044702
2004-02-14T19:02:39Z,0.061935,0.07469,0.077345,0.043788
2004-02-14T19:12:39Z,0.060972,0.075021,0.076514,0.044837
2004-02-14T19:22:39Z,0.06082,0.074555,0.075505,0.043419
2004-02-14T19:32:39Z,0.060481,0.074153,0.076464,0.043882
2004-02-14T19:42:39Z,0.060903,0.074237,0.078033,0.043949
2004-02-14T19:52:39Z,0.060323,0.072231,0.076571,0.044356
2004-02-14T20:02:39Z,0.06147,0.074327,0.077992,0.044377
2004-02-14T20:12:39Z,0.060385,0.074391,0.078229,0.044045
2004-02-14T20:22:39Z,0.061997,0.074113,0.077536,0.044388
2004-02-14T20:32:39Z,0.060783,0.072997,0.076163,0.044418
2004-02-14T20:42:39Z,0.060761,0.073719,0.075659,0.043157
2004-02-14T20:52:39Z,0.059588,0.072945,0.075802,0.042929
2004-02-14T21:02:39Z,0.060477,0.073422,0.077527,0.044095
2004-02-14T21:12:39Z,0.060766,0.074545,0.078436,0.044136
2004-02-14T21:22:39Z,0.060552,0.074708,0.076122,0.044128
2004-02-14T21:32:39Z,0.061157,0.074542,0.076468,0.044149
2004-02-14T21:42:39Z,0.059997,0.074504,0.074516,0.044015
2004-02-14T21:52:39Z,0.061824,0.075212,0.077734,0.043693
2004-02-14T22:02:39Z,0.06158,0.074752,0.077022,0.044152
2004-02-14T22:12:39Z,0.060127,0.074334,0.077196,0.043746
2004-02-14T22:22:39Z,0.060927,0.074763,0.076075,0.043749
2004-02-14T22:32:39Z,0.060427,0.074192,0.07717,0.043537
2004-02-14T22:42:39Z,0.059455,0.073147,0.074779,0.043356
2004-02-14T22:52:39Z,0.060607,0.07355,0.076615,0.043964
2004-02-14T23:02:39Z,0.061345,0.074098,0.077269,0.044408
2004-02-14T23:12:39Z,0.061218,0.074492,0.078164,0.044514
2004-02-14T23:22:39Z,0.060434,0.074921,0.077558,0.043832
2004-02-14T23:32:39Z,0.06096,0.074206,0.076618,0.044259
2004-02-14T23:42:39Z,0.061009,0.074813,0.07915,0.044159
2004-02-14T23:52:39Z,0.060601,0.074112,0.075681,0.04324
2004-02-15T00:02:39Z,0.061614,0.074015,0.076417,0.043769
2004-02-15T00:12:39Z,0.059738,0.073789,0.076821,0.043599
2004-02-15T00:22:39Z,0.059271,0.074537,0.074422,0.044365
2004-02-15T00:32:39Z,0.059805,0.073962,0.076217,0.043943
2004-02-15T00:42:39Z,0.061271,0.073597,0.076823,0.044047
2004-02-15T00:52:39Z,0.061435,0.074383,0.076193,0.04355
2004-02-15T01:02:39Z,0.06003,0.074469,0.079346,0.043582
2004-02-15T01:12:39Z,0.061381,0.074683,0.076304,0.045299
2004-02-15T01:22:39Z,0.060807,0.074038,0.075296,0.04411
2004-02-15T01:32:39Z,0.060474,0.073323,0.075532,0.043839
2004-02-15T01:42:39Z,0.059938,0.074233,0.075702,0.043447
2004-02-15T01:52:39Z,0.061776,0.073414,0.07717,0.043474
2004-02-15T02:02:39Z,0.061137,0.07478,0.080046,0.044365
2004-02-15T02:12:39Z,0.061119,0.073097,0.077216,0.04396
2004-02-15T02:22:39Z,0.060761,0.074484,0.078568,0.043184
2004-02-15T02:32:39Z,0.05935,0.072819,0.078042,0.043327
2004-02-15T02:42:39Z,0.060457,0.075042,0.077287,0.04446
2004-02-15T02:52:39Z,0.060124,0.073764,0.077582,0.043325
2004-02-15T03:02:39Z,0.059874,0.072759,0.075619,0.044784
2004-02-15T03:12:39Z,0.059212,0.074712,0.076581,0.043519
2004-02-15T03:22:39Z,0.061467,0.073433,0.07822,0.044428
2004-02-15T03:32:39Z,0.061618,0.074645,0.075997,0.044279
2004-02-15T03:42:39Z,0.061252,0.073751,0.077136,0.043653
2004-02-15T03:52:39Z,0.061408,0.0755,0.078063,0.044266
2004-02-15T04:02:39Z,0.062248,0.074887,0.077426,0.043313
2004-02-15T04:12:39Z,0.061874,0.075082,0.076888,0.043777
2004-02-15T04:22:39Z,0.060895,0.074323,0.076659,0.044266
2004-02-15T04:32:39Z,0.06063,0.074859,0.077184,0.044109
2004-02-15T04:42:39Z,0.061671,0.073925,0.076621,0.043785
2004-02-15T04:52:39Z,0.058807,0.073129,0.074209,0.043363
2004-02-15T05:02:39Z,0.060978,0.07406,0.078599,0.0437
2004-02-15T05:12:39Z,0.060901,0.074165,0.077031,0.043898
2004-02-15T05:22:39Z,0.059428,0.073106,0.07548,0.043441
2004-02-15T05:32:39Z,0.060448,0.07449,0.077616,0.04322
2004-02-15T05:42:39Z,0.058294,0.072643,0.073929,0.043507
2004-02-15T05:52:39Z,0.060829,0.073486,0.075212,0.044239
2004-02-15T06:02:39Z,0.06046,0.07384,0.076908,0.044408
2004-02-15T06:12:39Z,0.060358,0.074665,0.075705,0.043426
2004-02-15T06:22:39Z,0.060024,0.072517,0.075792,0.04364
2004-02-15T06:32:39Z,0.060302,0.073628,0.078041,0.043356
2004-02-15T06:42:39Z,0.059981,0.073317,0.076727,0.044678
2004-02-15T06:52:39Z,0.060739,0.073129,0.076698,0.043699
2004-02-15T07:02:39Z,0.060747,0.075227,0.076517,0.044318
2004-02-15T07:12:39Z,0.060096,0.073961,0.076602,0.043562
2004-02-15T07:22:39Z,0.060084,0.072142,0.075311,0.044189
2004-02-15T07:32:39Z,0.060697,0.074086,0.077586,0.043647
2004-02-15T07:42:39Z,0.060731,0.073993,0.077205,0.043927
2004-02-15T07:52:39Z,0.060633,0.073767,0.07685,0.043337
2004-02-15T08:02:39Z,0.061344,0.073817,0.076015,0.043957
2004-02-15T08:12:39Z,0.060621,0.073126,0.076696,0.044382
2004-02-15T08:22:39Z,0.060357,0.073102,0.075491,0.043017
2004-02-15T08:32:39Z,0.060162,0.074403,0.077679,0.044458
2004-02-15T08:42:39Z,0.061543,0.074541,0.076868,0.04387
2004-02-15T08:52:39Z,0.060791,0.073527,0.076935,0.044002
2004-02-15T09:02:39Z,0.060599,0.074466,0.078296,0.043693
2004-02-15T09:12:39Z,0.060272,0.074157,0.075688,0.043771
2004-02-15T09:22:39Z,0.061246,0.07474,0.0778,0.044335
2004-02-15T09:32:39Z,0.060656,0.073845,0.076423,0.044213
2004-02-15T09:42:39Z,0.060509,0.073525,0.07738,0.043253
2004-02-15T09:52:39Z,0.059881,0.073678,0.076381,0.045049
2004-02-15T10:02:39Z,0.060686,0.07463,0.077233,0.044177
2004-02-15T10:12:39Z,0.061263,0.073831,0.076367,0.043861
2004-02-15T10:22:39Z,0.061238,0.073844,0.076258,0.043891
2004-02-15T10:32:39Z,0.060958,0.074498,0.076286,0.043232
2004-02-15T10:42:39Z,0.060307,0.073229,0.075187,0.043281
2004-02-15T10:52:39Z,0.061289,0.074113,0.076945,0.043791
2004-02-15T11:02:39Z,0.061653,0.07476,0.076068,0.04355
2004-02-15T11:12:39Z,0.060572,0.073735,0.078335,0.044992
2004-02-15T11:22:39Z,0.060181,0.072934,0.076649,0.043538
2004-02-15T11:32:39Z,0.061556,0.074991,0.074939,0.044547
2004-02-15T11:42:39Z,0.061789,0.073755,0.07619,0.044051
2004-02-15T11:52:39Z,0.060816,0.074145,0.078239,0.043644
2004-02-15T12:02:39Z,0.061249,0.073959,0.075849,0.04349
2004-02-15T12:12:39Z,0.060544,0.073486,0.07608,0.043942
2004-02-15T12:22:39Z,0.060526,0.074385,0.078146,0.044176
2004-02-15T12:32:39Z,0.060919,0.073341,0.077641,0.042917
2004-02-15T12:42:39Z,0.061789,0.074203,0.079593,0.044319
2004-02-15T12:52:39Z,0.06165,0.07433,0.075824,0.043742
2004-02-15T13:02:39Z,0.061666,0.074047,0.076447,0.044805
2004-02-15T13:12:39Z,0.059932,0.074049,0.075502,0.044024
2004-02-15T13:22:39Z,0.059951,0.073972,0.076822,0.043495
2004-02-15T13:32:39Z,0.060587,0.074441,0.077077,0.044254
2004-02-15T13:42:39Z,0.062082,0.074577,0.077463,0.043866
2004-02-15T13:52:39Z,0.060753,0.074317,0.077033,0.043082
2004-02-15T14:02:39Z,0.062053,0.074258,0.077879,0.0439
2004-02-15T14:12:39Z,0.06213,0.074092,0.077455,0.044022
2004-02-15T14:22:39Z,0.06188,0.073691,0.0759,0.044328
2004-02-15T14:32:39Z,0.06117,0.073758,0.074654,0.044231
2004-02-15T14:42:39Z,0.060835,0.074228,0.076127,0.043884
2004-02-15T14:52:39Z,0.062807,0.075039,0.076955,0.044902
2004-02-15T15:02:39Z,0.062001,0.073814,0.078164,0.044579
2004-02-15T15:12:39Z,0.061617,0.074648,0.076162,0.044316
2004-02-15T15:22:39Z,0.062516,0.075023,0.080418,0.045118
2004-02-15T15:32:39Z,0.061452,0.07522,0.078205,0.044072
2004-02-15T15:42:39Z,0.060869,0.073415,0.076555,0.044134
2004-02-15T15:52:39Z,0.061034,0.073961,0.076298,0.043326
2004-02-15T16:02:39Z,0.060007,0.073072,0.07512,0.043667
2004-02-15T16:12:39Z,0.061141,0.074309,0.078467,0.043383
2004-02-15T16:22:39Z,0.060399,0.072561,0.076809,0.043622
2004-02-15T16:32:39Z,0.06163,0.07415,0.078637,0.044423
2004-02-15T16:42:39Z,0.059663,0.073157,0.075953,0.042869
2004-02-15T16:52:39Z,0.060507,0.074215,0.077983,0.043824
2004-02-15T17:02:39Z,0.060944,0.07437,0.075932,0.04455
2004-02-15T17:12:39Z,0.061736,0.073943,0.076144,0.043505
2004-02-15T17:22:39Z,0.059965,0.072443,0.076272,0.044527
2004-02-15T17:32:39Z,0.062057,0.074859,0.07609,0.043533
2004-02-15T17:42:39Z,0.061359,0.073387,0.077303,0.043581
2004-02-15T17:52:39Z,0.060736,0.073938,0.077262,0.043673
2004-02-15T18:02:39Z,0.061095,0.07292,0.076178,0.044356
2004-02-15T18:12:39Z,0.06069,0.073661,0.077354,0.043168
2004-02-15T18:22:39Z,0.061177,0.073997,0.078577,0.043385
2004-02-15T18:32:39Z,0.059515,0.07291,0.076542,0.043482
2004-02-15T18:42:39Z,0.060451,0.073557,0.076994,0.043712
2004-02-15T18:52:39Z,0.060219,0.074479,0.075767,0.043925
2004-02-15T19:02:39Z,0.059548,0.073522,0.076333,0.044298
2004-02-15T19:12:39Z,0.060601,0.072854,0.077094,0.043583
2004-02-15T19:22:39Z,0.060201,0.07403,0.076644,0.043657
2004-02-15T19:32:39Z,0.060285,0.072586,0.076425,0.04394
2004-02-15T19:42:39Z,0.059932,0.073057,0.076639,0.044276
2004-02-15T19:52:39Z,0.061804,0.074445,0.077395,0.044166
2004-02-15T20:02:39Z,0.059113,0.073295,0.075331,0.043488
2004-02-15T20:12:39Z,0.059397,0.073233,0.075815,0.042778
2004-02-15T20:22:39Z,0.060981,0.073032,0.076006,0.044229
2004-02-15T20:32:39Z,0.061085,0.073051,0.076065,0.044468
2004-02-15T20:42:39Z,0.061461,0.073409,0.075826,0.044063
2004-02-15T20:52:39Z,0.060131,0.073293,0.073834,0.043316
2004-02-15T21:02:39Z,0.061263,0.073111,0.074962,0.043509
2004-02-15T21:12:39Z,0.060784,0.073125,0.076651,0.044461
2004-02-15T21:22:39Z,0.061649,0.074134,0.077579,0.044888
2004-02-15T21:32:39Z,0.060717,0.074246,0.076726,0.043431
2004-02-15T21:42:39Z,0.060461,0.07307,0.078121,0.043077
2004-02-15T21:52:39Z,0.059831,0.072284,0.075137,0.043883
2004-02-15T22:02:39Z,0.061133,0.073625,0.075626,0.043732
2004-02-15T22:12:39Z,0.06145,0.073312,0.077276,0.043765
2004-02-15T22:22:39Z,0.061098,0.074636,0.077049,0.043689
2004-02-15T22:32:39Z,0.062564,0.074501,0.077173,0.044618
2004-02-15T22:42:39Z,0.061391,0.074397,0.077455,0.044106
2004-02-15T22:52:39Z,0.061983,0.073718,0.076205,0.044268
2004-02-15T23:02:39Z,0.062388,0.074656,0.077634,0.044168
2004-02-15T23:12:39Z,0.062485,0.074162,0.076728,0.0437
2004-02-15T23:22:39Z,0.06156,0.074548,0.076465,0.044015
2004-02-15T23:32:39Z,0.061186,0.074021,0.076368,0.043788
2004-02-15T23:42:39Z,0.061323,0.073325,0.079326,0.04332
2004-02-15T23:52:39Z,0.064163,0.074463,0.077924,0.044519
2004-02-16T00:02:39Z,0.06075,0.073684,0.07703,0.044211
2004-02-16T00:12:39Z,0.061644,0.072592,0.076425,0.044189
2004-02-16T00:22:39Z,0.060911,0.073554,0.077086,0.044408
2004-02-16T00:32:39Z,0.061635,0.072987,0.076634,0.043633
2004-02-16T00:42:39Z,0.061127,0.07399,0.077779,0.043752
2004-02-16T00:52:39Z,0.05953,0.073179,0.07712,0.043035
2004-02-16T01:02:39Z,0.061533,0.073514,0.076274,0.043684
2004-02-16T01:12:39Z,0.062039,0.073618,0.07782,0.044072
2004-02-16T01:22:39Z,0.060092,0.073072,0.076263,0.043243
2004-02-16T01:32:39Z,0.061568,0.073102,0.076761,0.044152
2004-02-16T01:42:39Z,0.062802,0.074178,0.079142,0.044833
2004-02-16T01:52:39Z,0.062654,0.073911,0.076425,0.044195
2004-02-16T02:02:39Z,0.062995,0.074505,0.076728,0.045016
2004-02-16T02:12:39Z,0.061489,0.073502,0.076863,0.043878
2004-02-16T02:22:39Z,0.062046,0.073397,0.077164,0.044302
2004-02-16T02:32:39Z,0.061702,0.074034,0.077076,0.044075
2004-02-16T02:42:39Z,0.06129,0.072111,0.07698,0.043575
2004-02-16T02:52:39Z,0.062704,0.074611,0.077442,0.044795
2004-02-16T03:02:39Z,0.06087,0.0732,0.076512,0.044118
2004-02-16T03:12:39Z,0.064637,0.074007,0.077669,0.044794
2004-02-16T03:22:39Z,0.066211,0.074824,0.077529,0.044728
2004-02-16T03:32:39Z,0.066477,0.073882,0.076074,0.044127
2004-02-16T03:42:39Z,0.065579,0.072859,0.076136,0.044807
2004-02-16T03:52:39Z,0.065424,0.074339,0.075787,0.044497
2004-02-16T04:02:39Z,0.066268,0.072991,0.077157,0.044459
2004-02-16T04:12:39Z,0.067622,0.075573,0.079595,0.04592
2004-02-16T04:22:39Z,0.066468,0.074468,0.077678,0.045564
2004-02-16T04:32:39Z,0.065142,0.073876,0.078375,0.044367
2004-02-16T04:42:39Z,0.065738,0.07396,0.076778,0.04446
2004-02-16T04:52:39Z,0.066112,0.074162,0.077073,0.044463
2004-02-16T05:02:39Z,0.067156,0.073676,0.077676,0.044637
2004-02-16T05:12:39Z,0.066329,0.073549,0.075654,0.044044
2004-02-16T05:22:39Z,0.068131,0.074011,0.075499,0.044565
2004-02-16T05:32:39Z,0.066586,0.073009,0.076761,0.044569
2004-02-16T05:42:39Z,0.067205,0.074071,0.077894,0.044526
2004-02-16T05:52:39Z,0.068267,0.073837,0.076659,0.044433
2004-02-16T06:02:39Z,0.068511,0.075117,0.076998,0.044526
2004-02-16T06:12:39Z,0.068842,0.074527,0.078561,0.045682
2004-02-16T06:22:39Z,0.067407,0.07479,0.077088,0.044812
2004-02-16T06:32:39Z,0.067038,0.073539,0.07674,0.045434
2004-02-16T06:42:39Z,0.068064,0.073918,0.077063,0.044156
2004-02-16T06:52:39Z,0.068806,0.074258,0.079605,0.044313
2004-02-16T07:02:39Z,0.069295,0.073262,0.07653,0.044681
2004-02-16T07:12:39Z,0.067458,0.072691,0.075833,0.043587
2004-02-16T07:22:39Z,0.070138,0.073862,0.077014,0.044884
2004-02-16T07:32:39Z,0.06725,0.073147,0.074085,0.044471
2004-02-16T07:42:39Z,0.06929,0.074516,0.076317,0.04433
2004-02-16T07:52:39Z,0.069775,0.073781,0.076917,0.044806
2004-02-16T08:02:39Z,0.06872,0.074089,0.076546,0.044409
2004-02-16T08:12:39Z,0.068663,0.073719,0.07664,0.044781
2004-02-16T08:22:39Z,0.069814,0.074754,0.07578,0.044494
2004-02-16T08:32:39Z,0.067802,0.073474,0.077169,0.044141
2004-02-16T08:42:39Z,0.069246,0.074082,0.076581,0.044239
2004-02-16T08:52:39Z,0.068675,0.07455,0.07771,0.045167
2004-02-16T09:02:39Z,0.068174,0.073137,0.076443,0.044163
2004-02-16T09:12:39Z,0.068066,0.072616,0.076368,0.044727
2004-02-16T09:22:39Z,0.06942,0.074628,0.076322,0.044795
2004-02-16T09:32:39Z,0.069055,0.07378,0.078397,0.043939
2004-02-16T09:42:39Z,0.070402,0.074369,0.077284,0.04433
2004-02-16T09:52:39Z,0.069289,0.073972,0.075253,0.044118
2004-02-16T10:02:39Z,0.068652,0.0737,0.0793,0.044247
2004-02-16T10:12:39Z,0.070035,0.073293,0.076752,0.044111
2004-02-16T10:22:39Z,0.069951,0.075316,0.079478,0.04439
2004-02-16T10:32:39Z,0.068791,0.074182,0.076683,0.044258
2004-02-16T10:42:39Z,0.069294,0.073993,0.075874,0.044662
2004-02-16T10:52:39Z,0.070171,0.073781,0.075677,0.043988
2004-02-16T11:02:39Z,0.071074,0.075281,0.076103,0.045735
2004-02-16T11:12:39Z,0.070358,0.073612,0.076694,0.044054
2004-02-16T11:22:39Z,0.071537,0.074329,0.076964,0.04448
2004-02-16T11:32:39Z,0.070353,0.073257,0.075813,0.04437
2004-02-16T11:42:39Z,0.071685,0.074379,0.078297,0.04529
2004-02-16T11:52:39Z,0.069494,0.073268,0.076782,0.044256
2004-02-16T12:02:39Z,0.070391,0.07363,0.075419,0.044432
2004-02-16T12:12:39Z,0.071242,0.074396,0.076485,0.045194
2004-02-16T12:22:39Z,0.071755,0.073817,0.077534,0.045545
2004-02-16T12:32:39Z,0.070197,0.073783,0.076173,0.044357
2004-02-16T12:42:39Z,0.071435,0.074245,0.077502,0.045367
2004-02-16T12:52:39Z,0.070896,0.073629,0.075165,0.044997
2004-02-16T13:02:39Z,0.070181,0.073544,0.075843,0.043988
2004-02-16T13:12:39Z,0.070283,0.074091,0.077212,0.044199
2004-02-16T13:22:39Z,0.071501,0.074388,0.076079,0.045284
2004-02-16T13:32:39Z,0.07206,0.074781,0.076843,0.045189
2004-02-16T13:42:39Z,0.070614,0.073172,0.076625,0.04491
2004-02-16T13:52:39Z,0.071648,0.074527,0.076066,0.044069
2004-02-16T14:02:39Z,0.071238,0.074891,0.078633,0.04444
2004-02-16T14:12:39Z,0.070971,0.075272,0.077414,0.044538
2004-02-16T14:22:39Z,0.071173,0.074364,0.077421,0.04472
2004-02-16T14:32:39Z,0.071217,0.074022,0.078478,0.044959
2004-02-16T14:42:39Z,0.072998,0.074185,0.074726,0.044501
2004-02-16T14:52:39Z,0.072085,0.07394,0.076082,0.04382
2004-02-16T15:02:39Z,0.071552,0.07464,0.076728,0.04463
2004-02-16T15:12:39Z,0.071477,0.073993,0.075887,0.044544
2004-02-16T15:22:39Z,0.073186,0.074672,0.078189,0.04419
2004-02-16T15:32:39Z,0.07248,0.074227,0.075745,0.043244
2004-02-16T15:42:39Z,0.072833,0.075548,0.076985,0.044927
2004-02-16T15:52:39Z,0.0738,0.075309,0.078902,0.045019
2004-02-16T16:02:39Z,0.074243,0.074387,0.077434,0.044323
2004-02-16T16:12:39Z,0.07492,0.075054,0.076443,0.04556
2004-02-16T16:22:39Z,0.073813,0.074715,0.075637,0.044426
2004-02-16T16:32:39Z,0.073848,0.074476,0.07632,0.045285
2004-02-16T16:42:39Z,0.074527,0.07336,0.078001,0.044751
2004-02-16T16:52:39Z,0.075197,0.075316,0.076454,0.045385
2004-02-16T17:02:39Z,0.075104,0.074035,0.076392,0.045434
2004-02-16T17:12:39Z,0.073551,0.074752,0.076083,0.045102
2004-02-16T17:22:39Z,0.074104,0.074779,0.077164,0.045733
2004-02-16T17:32:39Z,0.074142,0.075336,0.078139,0.045528
2004-02-16T17:42:39Z,0.073734,0.075244,0.07713,0.045193
2004-02-16T17:52:39Z,0.072255,0.074056,0.074516,0.044299
2004-02-16T18:02:39Z,0.076612,0.074371,0.077859,0.046068
2004-02-16T18:12:39Z,0.073933,0.074657,0.076831,0.044927
2004-02-16T18:22:39Z,0.074218,0.073966,0.077853,0.045115
2004-02-16T18:32:39Z,0.07532,0.075099,0.078206,0.044948
2004-02-16T18:42:39Z,0.075017,0.075328,0.075995,0.044823
2004-02-16T18:52:39Z,0.074843,0.074141,0.075325,0.045114
2004-02-16T19:02:39Z,0.074835,0.074064,0.076235,0.044606
2004-02-16T19:12:39Z,0.074585,0.075774,0.077363,0.045654
2004-02-16T19:22:39Z,0.074506,0.073361,0.077936,0.045116
2004-02-16T19:32:39Z,0.072593,0.074808,0.076491,0.044826
2004-02-16T19:42:39Z,0.07594,0.07429,0.076297,0.045377
2004-02-16T19:52:39Z,0.07557,0.073726,0.080041,0.04538
2004-02-16T20:02:39Z,0.073051,0.07333,0.076548,0.044767
2004-02-16T20:12:39Z,0.074896,0.074676,0.076654,0.045391
2004-02-16T20:22:39Z,0.074068,0.073276,0.076995,0.045537
2004-02-16T20:32:39Z,0.075969,0.074041,0.075357,0.044716
2004-02-16T20:42:39Z,0.075799,0.073404,0.076738,0.044977
2004-02-16T20:52:39Z,0.073454,0.074846,0.075354,0.045312
2004-02-16T21:02:39Z,0.075857,0.074522,0.07773,0.045054
2004-02-16T21:12:39Z,0.076569,0.074278,0.075739,0.044797
2004-02-16T21:22:39Z,0.07685,0.07337,0.075881,0.045194
2004-02-16T21:32:39Z,0.076419,0.075022,0.075658,0.045353
2004-02-16T21:42:39Z,0.075783,0.073869,0.075503,0.044982
2004-02-16T21:52:39Z,0.075695,0.074754,0.076397,0.044774
2004-02-16T22:02:39Z,0.075299,0.074694,0.076374,0.045145
2004-02-16T22:12:39Z,0.076308,0.074435,0.077584,0.045067
2004-02-16T22:22:39Z,0.078939,0.074512,0.078528,0.045198
2004-02-16T22:32:39Z,0.081472,0.073661,0.076269,0.045968
2004-02-16T22:42:39Z,0.080391,0.074071,0.078105,0.045526
2004-02-16T22:52:39Z,0.080961,0.07537,0.076637,0.046269
2004-02-16T23:02:39Z,0.081401,0.074508,0.075463,0.045383
2004-02-16T23:12:39Z,0.079971,0.073939,0.076185,0.045736
2004-02-16T23:22:39Z,0.080768,0.074542,0.07607,0.046786
2004-02-16T23:32:39Z,0.081669,0.074188,0.076674,0.044867
2004-02-16T23:42:39Z,0.078493,0.074444,0.077293,0.045977
2004-02-16T23:52:39Z,0.081674,0.073787,0.076076,0.046002
2004-02-17T00:02:39Z,0.08147,0.074077,0.077797,0.046081
2004-02-17T00:12:39Z,0.080109,0.073997,0.077927,0.045425
2004-02-17T00:22:39Z,0.080792,0.074759,0.079311,0.045841
2004-02-17T00:32:39Z,0.080128,0.074864,0.0762,0.046544
2004-02-17T00:42:39Z,0.081803,0.074634,0.075421,0.046227
2004-02-17T00:52:39Z,0.081936,0.07459,0.077737,0.047352
2004-02-17T01:02:39Z,0.080617,0.07338,0.074952,0.046039
2004-02-17T01:12:39Z,0.079799,0.073849,0.075388,0.045896
2004-02-17T01:22:39Z,0.081451,0.073903,0.07679,0.046214
2004-02-17T01:32:39Z,0.081733,0.073651,0.077263,0.047465
2004-02-17T01:42:39Z,0.080724,0.074157,0.075543,0.045437
2004-02-17T01:52:39Z,0.079434,0.073575,0.074184,0.046093
2004-02-17T02:02:39Z,0.082138,0.073946,0.076535,0.046
2004-02-17T02:12:39Z,0.081458,0.073275,0.076124,0.046791
2004-02-17T02:22:39Z,0.080756,0.075135,0.07731,0.045637
2004-02-17T02:32:39Z,0.079212,0.07518,0.078229,0.045524
2004-02-17T02:42:39Z,0.078345,0.074181,0.079002,0.04618
2004-02-17T02:52:39Z,0.080402,0.074686,0.075582,0.04658
2004-02-17T03:02:39Z,0.078908,0.074106,0.076493,0.045756
2004-02-17T03:12:39Z,0.080186,0.07399,0.076042,0.04564
2004-02-17T03:22:39Z,0.081036,0.075279,0.077712,0.046038
2004-02-17T03:32:39Z,0.080956,0.075388,0.075936,0.04635
2004-02-17T03:42:39Z,0.079128,0.074706,0.075866,0.046034
2004-02-17T03:52:39Z,0.08005,0.074674,0.077602,0.04575
2004-02-17T04:02:39Z,0.08032,0.073946,0.075122,0.045169
2004-02-17T04:12:39Z,0.08035,0.074701,0.07558,0.045737
2004-02-17T04:22:39Z,0.080122,0.073907,0.075985,0.046372
2004-02-17T04:32:39Z,0.080853,0.074642,0.075941,0.046082
2004-02-17T04:42:39Z,0.081829,0.073369,0.075328,0.045673
2004-02-17T04:52:39Z,0.081478,0.075082,0.076871,0.046329
2004-02-17T05:02:39Z,0.080637,0.073464,0.076001,0.045624
2004-02-17T05:12:39Z,0.080525,0.076581,0.077209,0.04653
2004-02-17T05:22:39Z,0.080937,0.074446,0.076787,0.046426
2004-02-17T05:32:39Z,0.080571,0.074969,0.077294,0.046133
2004-02-17T05:42:39Z,0.081547,0.074746,0.075687,0.046806
2004-02-17T05:52:39Z,0.081895,0.074132,0.07847,0.045749
2004-02-17T06:02:39Z,0.082332,0.075154,0.077087,0.04673
2004-02-17T06:12:39Z,0.081076,0.075199,0.076424,0.046211
2004-02-17T06:22:39Z,0.080707,0.074893,0.075366,0.045915
2004-02-17T06:32:39Z,0.081558,0.075785,0.076904,0.046507
2004-02-17T06:42:39Z,0.082789,0.074438,0.076138,0.045349
2004-02-17T06:52:39Z,0.081431,0.07435,0.075652,0.045166
2004-02-17T07:02:39Z,0.083783,0.076023,0.077264,0.046646
2004-02-17T07:12:39Z,0.085707,0.074827,0.076989,0.046759
2004-02-17T07:22:39Z,0.090002,0.075243,0.076362,0.047689
2004-02-17T07:32:39Z,0.116484,0.07749,0.080993,0.050848
2004-02-17T07:42:39Z,0.119794,0.078154,0.08144,0.051279
2004-02-17T07:52:39Z,0.120304,0.077344,0.078225,0.05119
2004-02-17T08:02:39Z,0.118442,0.077962,0.079342,0.051342
2004-02-17T08:12:39Z,0.117367,0.076851,0.078216,0.051336
2004-02-17T08:22:39Z,0.121048,0.077388,0.079106,0.049968
2004-02-17T08:32:39Z,0.117346,0.077881,0.079476,0.051568
2004-02-17T08:42:39Z,0.115159,0.078151,0.080933,0.050454
2004-02-17T08:52:39Z,0.121007,0.077504,0.078682,0.051002
2004-02-17T09:02:39Z,0.117633,0.081855,0.080243,0.050945
2004-02-17T09:12:39Z,0.117987,0.077083,0.077906,0.050647
2004-02-17T09:22:39Z,0.118264,0.077643,0.079768,0.051684
2004-02-17T09:32:39Z,0.118876,0.077743,0.079317,0.051028
2004-02-17T09:42:39Z,0.118469,0.077735,0.077473,0.050529
2004-02-17T09:52:39Z,0.11374,0.077389,0.079645,0.051416
2004-02-17T10:02:39Z,0.11534,0.077677,0.077956,0.050901
2004-02-17T10:12:39Z,0.115405,0.077525,0.078693,0.051232
2004-02-17T10:22:39Z,0.117732,0.077463,0.0792,0.050656
2004-02-17T10:32:39Z,0.114373,0.076901,0.078408,0.051543
2004-02-17T10:42:39Z,0.115791,0.076642,0.07775,0.050335
2004-02-17T10:52:39Z,0.113906,0.077304,0.077199,0.050907
2004-02-17T11:02:39Z,0.114886,0.077722,0.078469,0.050533
2004-02-17T11:12:39Z,0.113602,0.077581,0.079285,0.051858
2004-02-17T11:22:39Z,0.117945,0.078266,0.079852,0.051403
2004-02-17T11:32:39Z,0.117307,0.077463,0.078775,0.051803
2004-02-17T11:42:39Z,0.115171,0.078391,0.079338,0.051857
2004-02-17T11:52:39Z,0.115094,0.07753,0.077422,0.051186
2004-02-17T12:02:39Z,0.1164,0.077677,0.077425,0.050383
2004-02-17T12:12:39Z,0.116234,0.07767,0.078253,0.05178
2004-02-17T12:22:39Z,0.109658,0.077849,0.07997,0.050909
2004-02-17T12:32:39Z,0.113895,0.077958,0.078257,0.050617
2004-02-17T12:42:39Z,0.110437,0.07726,0.078411,0.050618
2004-02-17T12:52:39Z,0.111178,0.078379,0.078589,0.051152
2004-02-17T13:02:39Z,0.109775,0.078019,0.079451,0.049807
2004-02-17T13:12:39Z,0.110094,0.07729,0.079156,0.05009
2004-02-17T13:22:39Z,0.110499,0.077983,0.078262,0.051351
2004-02-17T13:32:39Z,0.103776,0.076847,0.078615,0.050463
2004-02-17T13:42:39Z,0.101585,0.075822,0.077956,0.05043
2004-02-17T13:52:39Z,0.106603,0.077271,0.079286,0.05118
2004-02-17T14:02:39Z,0.104298,0.077761,0.077363,0.050453
2004-02-17T14:12:39Z,0.104159,0.077199,0.078031,0.050595
2004-02-17T14:22:39Z,0.100056,0.07818,0.07926,0.050199
2004-02-17T14:32:39Z,0.101478,0.07883,0.077208,0.050652
2004-02-17T14:42:39Z,0.101193,0.078101,0.078519,0.049796
2004-02-17T14:52:39Z,0.103381,0.077848,0.078329,0.049515
2004-02-17T15:02:39Z,0.100471,0.078355,0.079524,0.050328
2004-02-17T15:12:39Z,0.101997,0.077999,0.079737,0.051001
2004-02-17T15:22:39Z,0.096234,0.078252,0.078931,0.049565
2004-02-17T15:32:39Z,0.102072,0.077923,0.077596,0.050572
2004-02-17T15:42:39Z,0.1009,0.077888,0.079414,0.049662
2004-02-17T15:52:39Z,0.097949,0.077483,0.078475,0.050205
2004-02-17T16:02:39Z,0.099163,0.078358,0.077104,0.050184
2004-02-17T16:12:39Z,0.098113,0.077719,0.078838,0.050239
2004-02-17T16:22:39Z,0.096345,0.078325,0.079873,0.050583
2004-02-17T16:32:39Z,0.094584,0.076387,0.077989,0.049491
2004-02-17T16:42:39Z,0.092754,0.076867,0.077664,0.049433
2004-02-17T16:52:39Z,0.092948,0.07814,0.077778,0.050035
2004-02-17T17:02:39Z,0.091747,0.078314,0.07839,0.05017
2004-02-17T17:12:39Z,0.091413,0.076049,0.078446,0.048906
2004-02-17T17:22:39Z,0.089955,0.077924,0.078699,0.049498
2004-02-17T17:32:39Z,0.08809,0.077807,0.081668,0.050619
2004-02-17T17:42:39Z,0.088082,0.077351,0.078829,0.048752
2004-02-17T17:52:39Z,0.085102,0.077032,0.077751,0.049335
2004-02-17T18:02:39Z,0.084901,0.077037,0.077207,0.04785
2004-02-17T18:12:39Z,0.084335,0.077093,0.079388,0.048746
2004-02-17T18:22:39Z,0.084263,0.076826,0.077123,0.048678
2004-02-17T18:32:39Z,0.083739,0.07703,0.079499,0.050191
2004-02-17T18:42:39Z,0.083945,0.078042,0.080863,0.048612
2004-02-17T18:52:39Z,0.08375,0.077684,0.078007,0.048636
2004-02-17T19:02:39Z,0.081601,0.077289,0.077982,0.049525
2004-02-17T19:12:39Z,0.082107,0.077376,0.077862,0.049177
2004-02-17T19:22:39Z,0.082465,0.077612,0.07849,0.048214
2004-02-17T19:32:39Z,0.080775,0.077982,0.077726,0.048183
2004-02-17T19:42:39Z,0.080039,0.078926,0.079847,0.048322
2004-02-17T19:52:39Z,0.081643,0.078959,0.078311,0.049012
2004-02-17T20:02:39Z,0.081171,0.078607,0.081654,0.048311
2004-02-17T20:12:39Z,0.079938,0.07761,0.078896,0.048856
2004-02-17T20:22:39Z,0.079495,0.078797,0.080788,0.048006
2004-02-17T20:32:39Z,0.079185,0.078219,0.078648,0.048927
2004-02-17T20:42:39Z,0.076782,0.077727,0.078352,0.048102
2004-02-17T20:52:39Z,0.079167,0.078449,0.077933,0.048663
2004-02-17T21:02:39Z,0.078237,0.079302,0.078144,0.047833
2004-02-17T21:12:39Z,0.07804,0.07747,0.078421,0.048034
2004-02-17T21:22:39Z,0.076976,0.078211,0.079762,0.048331
2004-02-17T21:32:39Z,0.079291,0.078499,0.080143,0.048139
2004-02-17T21:42:39Z,0.077523,0.078364,0.078591,0.047165
2004-02-17T21:52:39Z,0.079714,0.07922,0.078251,0.048194
2004-02-17T22:02:39Z,0.077918,0.077102,0.079669,0.048084
2004-02-17T22:12:39Z,0.077412,0.078638,0.082108,0.047963
2004-02-17T22:22:39Z,0.078838,0.077886,0.079052,0.048278
2004-02-17T22:32:39Z,0.079493,0.077418,0.077721,0.047781
2004-02-17T22:42:39Z,0.079563,0.07791,0.077343,0.048014
2004-02-17T22:52:39Z,0.080709,0.077491,0.079501,0.048854
2004-02-17T23:02:39Z,0.08081,0.078309,0.079504,0.048309
2004-02-17T23:12:39Z,0.080192,0.077518,0.079505,0.047727
2004-02-17T23:22:39Z,0.081071,0.078228,0.077594,0.047874
2004-02-17T23:32:39Z,0.078807,0.076798,0.078004,0.047723
2004-02-17T23:42:39Z,0.081468,0.077627,0.081327,0.047723
2004-02-17T23:52:39Z,0.081411,0.078919,0.078681,0.047715
2004-02-18T00:02:39Z,0.08114,0.078547,0.080209,0.047325
2004-02-18T00:12:39Z,0.081596,0.077588,0.079332,0.048014
2004-02-18T00:22:39Z,0.081003,0.076821,0.078356,0.04775
2004-02-18T00:32:39Z,0.083339,0.077827,0.079429,0.048457
2004-02-18T00:42:39Z,0.082248,0.077699,0.077866,0.047435
2004-02-18T00:52:39Z,0.08297,0.078229,0.078005,0.047649
2004-02-18T01:02:39Z,0.084148,0.077956,0.079947,0.047947
2004-02-18T01:12:39Z,0.084308,0.078095,0.07999,0.049234
2004-02-18T01:22:39Z,0.083194,0.077061,0.079211,0.047122
2004-02-18T01:32:39Z,0.084337,0.077366,0.078492,0.04734
2004-02-18T01:42:39Z,0.084134,0.076727,0.078847,0.046433
2004-02-18T01:52:39Z,0.082733,0.07839,0.080118,0.047863
2004-02-18T02:02:39Z,0.083305,0.077275,0.07879,0.047171
2004-02-18T02:12:39Z,0.083894,0.077786,0.08066,0.047345
2004-02-18T02:22:39Z,0.084584,0.077355,0.080026,0.047388
2004-02-18T02:32:39Z,0.084379,0.079152,0.080031,0.047334
2004-02-18T02:42:39Z,0.084472,0.078821,0.07958,0.048374
2004-02-18T02:52:39Z,0.084914,0.077522,0.078338,0.046818
2004-02-18T03:02:39Z,0.085808,0.078592,0.080269,0.047982
2004-02-18T03:12:39Z,0.086528,0.078718,0.078651,0.047994
2004-02-18T03:22:39Z,0.084734,0.077846,0.07857,0.047839
2004-02-18T03:32:39Z,0.086028,0.079539,0.081539,0.047655
2004-02-18T03:42:39Z,0.101577,0.078723,0.080681,0.048303
2004-02-18T03:52:39Z,0.101788,0.079344,0.080436,0.04918
2004-02-18T04:02:39Z,0.10005,0.079847,0.081559,0.049528
2004-02-18T04:12:39Z,0.104881,0.080978,0.08132,0.048866
2004-02-18T04:22:39Z,0.101999,0.078918,0.080258,0.048535
2004-02-18T04:32:39Z,0.104758,0.080878,0.08197,0.049541
2004-02-18T04:42:39Z,0.107022,0.079251,0.081651,0.050015
2004-02-18T04:52:39Z,0.104515,0.080736,0.082297,0.049033
2004-02-18T05:02:39Z,0.108307,0.0797,0.080101,0.049803
2004-02-18T05:12:39Z,0.107156,0.080067,0.08076,0.049796
2004-02-18T05:22:39Z,0.109984,0.079711,0.080053,0.049894
2004-02-18T05:32:39Z,0.109949,0.079274,0.082451,0.048687
2004-02-18T05:42:39Z,0.114418,0.079063,0.082437,0.049787
2004-02-18T05:52:39Z,0.111663,0.080401,0.081018,0.049892
2004-02-18T06:02:39Z,0.11485,0.081227,0.081401,0.05054
2004-02-18T06:12:39Z,0.116939,0.080504,0.081718,0.050402
2004-02-18T06:22:39Z,0.116756,0.08098,0.081537,0.050041
2004-02-18T06:32:39Z,0.116302,0.080655,0.084024,0.051401
2004-02-18T06:42:39Z,0.116789,0.081122,0.081463,0.050208
2004-02-18T06:52:39Z,0.118268,0.080623,0.081814,0.050891
2004-02-18T07:02:39Z,0.117902,0.082301,0.081322,0.050705
2004-02-18T07:12:39Z,0.118561,0.081152,0.082331,0.050469
2004-02-18T07:22:39Z,0.119002,0.081725,0.082805,0.051852
2004-02-18T07:32:39Z,0.118333,0.080359,0.081374,0.051326
2004-02-18T07:42:39Z,0.116806,0.079584,0.082862,0.050096
2004-02-18T07:52:39Z,0.121973,0.081125,0.082924,0.051128
2004-02-18T08:02:39Z,0.124001,0.082105,0.081618,0.051577
2004-02-18T08:12:39Z,0.123531,0.080726,0.082274,0.051299
2004-02-18T08:22:39Z,0.123809,0.081944,0.083086,0.052145
2004-02-18T08:32:39Z,0.120623,0.081254,0.084504,0.051177
2004-02-18T08:42:39Z,0.117393,0.081206,0.081764,0.050398
2004-02-18T08:52:39Z,0.115647,0.08029,0.081818,0.051212
2004-02-18T09:02:39Z,0.117358,0.081126,0.082249,0.051348
2004-02-18T09:12:39Z,0.11813,0.082362,0.083466,0.052406
2004-02-18T09:22:39Z,0.122171,0.081794,0.082874,0.051332
2004-02-18T09:32:39Z,0.117301,0.080827,0.081809,0.05171
2004-02-18T09:42:39Z,0.115611,0.080339,0.08282,0.051109
2004-02-18T09:52:39Z,0.117794,0.080486,0.082415,0.051537
2004-02-18T10:02:39Z,0.115363,0.080997,0.083003,0.051353
2004-02-18T10:12:39Z,0.120127,0.082999,0.084477,0.051847
2004-02-18T10:22:39Z,0.118865,0.08094,0.081921,0.050887
2004-02-18T10:32:39Z,0.116733,0.08106,0.083104,0.051279
2004-02-18T10:42:39Z,0.116298,0.080721,0.081161,0.050291
2004-02-18T10:52:39Z,0.111422,0.081706,0.082622,0.051787
2004-02-18T11:02:39Z,0.110108,0.07996,0.084501,0.050486
2004-02-18T11:12:39Z,0.109201,0.080543,0.082648,0.050537
2004-02-18T11:22:39Z,0.108978,0.081071,0.082359,0.051832
2004-02-18T11:32:39Z,0.10961,0.0813,0.083866,0.050888
2004-02-18T11:42:39Z,0.108691,0.080593,0.082919,0.051472
2004-02-18T11:52:39Z,0.118756,0.082497,0.084677,0.053536
2004-02-18T12:02:39Z,0.12194,0.081887,0.084304,0.052456
2004-02-18T12:12:39Z,0.116085,0.083803,0.085199,0.053212
2004-02-18T12:22:39Z,0.114808,0.083276,0.084915,0.054154
2004-02-18T12:32:39Z,0.11596,0.082557,0.084782,0.053491
2004-02-18T12:42:39Z,0.112429,0.083183,0.086207,0.053192
2004-02-18T12:52:39Z,0.10986,0.084051,0.084667,0.053134
2004-02-18T13:02:39Z,0.111515,0.084172,0.085791,0.053071
2004-02-18T13:12:39Z,0.113184,0.08421,0.086553,0.053923
2004-02-18T13:22:39Z,0.110352,0.084034,0.085573,0.053693
2004-02-18T13:32:39Z,0.108666,0.08523,0.085303,0.053983
2004-02-18T13:42:39Z,0.110586,0.085212,0.085303,0.053959
2004-02-18T13:52:39Z,0.11285,0.084754,0.085692,0.054155
2004-02-18T14:02:39Z,0.113296,0.08604,0.087737,0.053966
2004-02-18T14:12:39Z,0.112399,0.085148,0.085287,0.055115
2004-02-18T14:22:39Z,0.111486,0.086649,0.088417,0.055172
2004-02-18T14:32:39Z,0.112501,0.085334,0.086624,0.054251
2004-02-18T14:42:39Z,0.116933,0.086315,0.088652,0.056617
2004-02-18T14:52:39Z,0.112341,0.087082,0.086436,0.055071
2004-02-18T15:02:39Z,0.105556,0.08583,0.087957,0.053688
2004-02-18T15:12:39Z,0.101248,0.087511,0.089255,0.055316
2004-02-18T15:22:39Z,0.098989,0.088474,0.090071,0.054718
2004-02-18T15:32:39Z,0.095558,0.086467,0.08882,0.055151
2004-02-18T15:42:39Z,0.094821,0.089185,0.09085,0.054423
2004-02-18T15:52:39Z,0.093977,0.087971,0.090677,0.054727
2004-02-18T16:02:39Z,0.092085,0.088623,0.089069,0.054202
2004-02-18T16:12:39Z,0.09362,0.090126,0.091611,0.054023
2004-02-18T16:22:39Z,0.093138,0.088552,0.090855,0.053911
2004-02-18T16:32:39Z,0.0934,0.088212,0.091899,0.053729
2004-02-18T16:42:39Z,0.097409,0.091545,0.092235,0.054946
2004-02-18T16:52:39Z,0.099352,0.090289,0.092098,0.054916
2004-02-18T17:02:39Z,0.109042,0.092579,0.094415,0.055277
2004-02-18T17:12:39Z,0.115116,0.091407,0.09416,0.054267
2004-02-18T17:22:39Z,0.122503,0.093487,0.093925,0.055585
2004-02-18T17:32:39Z,0.129758,0.094762,0.095735,0.05706
2004-02-18T17:42:39Z,0.133613,0.094241,0.09689,0.055238
2004-02-18T17:52:39Z,0.134301,0.095116,0.098134,0.056943
2004-02-18T18:02:39Z,0.134587,0.092486,0.095475,0.056694
2004-02-18T18:12:39Z,0.12973,0.093701,0.096509,0.056031
2004-02-18T18:22:39Z,0.124104,0.093442,0.097361,0.055356
2004-02-18T18:32:39Z,0.129417,0.095921,0.100476,0.056513
2004-02-18T18:42:39Z,0.131037,0.094328,0.098031,0.055412
2004-02-18T18:52:39Z,0.130315,0.095003,0.098378,0.057175
2004-02-18T19:02:39Z,0.14065,0.09704,0.100088,0.057947
2004-02-18T19:12:39Z,0.132387,0.098058,0.102921,0.057877
2004-02-18T19:22:39Z,0.127039,0.096231,0.101682,0.059678
2004-02-18T19:32:39Z,0.130025,0.095876,0.100473,0.05938
2004-02-18T19:42:39Z,0.125172,0.098175,0.102654,0.06033
2004-02-18T19:52:39Z,0.129894,0.09962,0.103184,0.061056
2004-02-18T20:02:39Z,0.126225,0.100429,0.10605,0.062399
2004-02-18T20:12:39Z,0.135438,0.101701,0.106486,0.064631
2004-02-18T20:22:39Z,0.133544,0.10148,0.107555,0.065814
2004-02-18T20:32:39Z,0.129935,0.103156,0.106585,0.064478
2004-02-18T20:42:39Z,0.129254,0.104089,0.109173,0.064375
2004-02-18T20:52:39Z,0.122238,0.104558,0.110122,0.063878
2004-02-18T21:02:39Z,0.116117,0.103586,0.110325,0.06211
2004-02-18T21:12:39Z,0.122883,0.104095,0.110859,0.063454
2004-02-18T21:22:39Z,0.132511,0.104914,0.111109,0.065042
2004-02-18T21:32:39Z,0.130182,0.102096,0.110188,0.060788
2004-02-18T21:42:39Z,0.138484,0.10203,0.109604,0.062674
2004-02-18T21:52:39Z,0.145766,0.105227,0.113392,0.063052
2004-02-18T22:02:39Z,0.151876,0.104716,0.11432,0.063516
2004-02-18T22:12:39Z,0.165063,0.105107,0.113727,0.06415
2004-02-18T22:22:39Z,0.18908,0.106938,0.11292,0.069001
2004-02-18T22:32:39Z,0.149931,0.106624,0.115553,0.065636
2004-02-18T22:42:39Z,0.14828,0.104881,0.117738,0.068809
2004-02-18T22:52:39Z,0.148379,0.107325,0.119269,0.069864
2004-02-18T23:02:39Z,0.129032,0.104223,0.116384,0.06611
2004-02-18T23:12:39Z,0.125878,0.106341,0.117386,0.066913
2004-02-18T23:22:39Z,0.13193,0.106002,0.118082,0.068882
2004-02-18T23:32:39Z,0.12967,0.10725,0.119392,0.069004
2004-02-18T23:42:39Z,0.151886,0.108581,0.120522,0.070507
2004-02-18T23:52:39Z,0.145855,0.10801,0.120645,0.06864
2004-02-19T00:02:39Z,0.160889,0.108645,0.121147,0.070629
2004-02-19T00:12:39Z,0.142885,0.110873,0.125692,0.070585
2004-02-19T00:22:39Z,0.129447,0.109212,0.12522,0.068337
2004-02-19T00:32:39Z,0.12358,0.103715,0.120503,0.067481
2004-02-19T00:42:39Z,0.124537,0.102207,0.118987,0.067355
2004-02-19T00:52:39Z,0.139822,0.109218,0.121679,0.073731
2004-02-19T01:02:39Z,0.160892,0.114051,0.123723,0.078555
2004-02-19T01:12:39Z,0.177405,0.113495,0.122515,0.079303
2004-02-19T01:22:39Z,0.153327,0.10646,0.115634,0.074146
2004-02-19T01:32:39Z,0.179444,0.109833,0.115635,0.07673
2004-02-19T01:42:39Z,0.155616,0.097834,0.108143,0.072305
2004-02-19T01:52:39Z,0.171793,0.097445,0.10145,0.075335
2004-02-19T02:02:39Z,0.162948,0.096347,0.09686,0.071857
2004-02-19T02:12:39Z,0.197247,0.107476,0.101604,0.079206
2004-02-19T02:22:39Z,0.155036,0.102853,0.097091,0.073439
2004-02-19T02:32:39Z,0.172424,0.126727,0.119742,0.081873
2004-02-19T02:42:39Z,0.204124,0.136382,0.132696,0.088846
2004-02-19T02:52:39Z,0.183015,0.146815,0.149631,0.086434
2004-02-19T03:02:39Z,0.182318,0.113389,0.135479,0.077444
2004-02-19T03:12:39Z,0.194758,0.112524,0.12089,0.074097
2004-02-19T03:22:39Z,0.230137,0.13946,0.133154,0.086285
2004-02-19T03:32:39Z,0.228026,0.146291,0.132958,0.087872
2004-02-19T03:42:39Z,0.280388,0.14385,0.130073,0.090879
2004-02-19T03:52:39Z,0.253946,0.115852,0.1207,0.087096
2004-02-19T04:02:39Z,0.25513,0.118565,0.12534,0.095046
2004-02-19T04:12:39Z,0.26933,0.149215,0.14611,0.106215
2004-02-19T04:22:39Z,0.294223,0.152524,0.147828,0.109945
2004-02-19T04:32:39Z,0.299848,0.128473,0.12227,0.098611
2004-02-19T04:42:39Z,0.248545,0.107329,0.095034,0.090753
2004-02-19T04:52:39Z,0.329175,0.152797,0.134074,0.102279
2004-02-19T05:02:39Z,0.416709,0.149927,0.142588,0.095363
2004-02-19T05:12:39Z,0.351936,0.132495,0.127523,0.111187
2004-02-19T05:22:39Z,0.338251,0.136767,0.118167,0.116861
2004-02-19T05:32:39Z,0.301367,0.14043,0.111464,0.114492
2004-02-19T05:42:39Z,0.45332,0.161011,0.137444,0.119042
2004-02-19T05:52:39Z,0.337574,0.132396,0.144996,0.092123
2004-02-19T06:02:39Z,0.351096,0.152259,0.151295,0.100813
2004-02-19T06:12:39Z,0.001857,0.003731,0.003656,0.001786
2004-02-19T06:22:39Z,0.001169,0.000767,0.000716,0.001699
